Fraction,Scan,Source File,Peptide,Tag Length,ALC (%),length,m/z,z,RT,Area,Mass,ppm,PTM,local confidence (%),tag (>=0%),mode
2,7186,AK-172.raw,LAELEEALQK,10,99,10,572.3163,2,25.53,3.03E6,1142.6182,0.0,,100 100 100 100 100 100 100 100 100 100,LAELEEALQK,HCD
2,7721,AK-172.raw,MTLDDFR,7,99,7,449.2104,2,26.76,6.5E7,896.4062,0.1,,100 100 100 100 100 100 100,MTLDDFR,HCD
2,4031,AK-172.raw,LASYLDK,7,99,7,405.2237,2,17.64,5.21E6,808.4330,-0.2,,100 100 100 100 99 100 100,LASYLDK,HCD
2,8265,AK-172.raw,LDVELLR,7,99,7,429.2585,2,27.92,4.16E5,856.5018,0.8,,100 100 100 100 100 100 100,LDVELLR,HCD
2,6015,AK-172.raw,M(+15.99)TLDDFR,7,99,7,457.2076,2,22.82,6.31E6,912.4011,-0.4,Oxidation (M),100 99 100 100 100 100 100,M(+15.99)TLDDFR,HCD
2,7548,AK-172.raw,M(+15.99)TLDDFR,7,99,7,457.2074,2,26.37,6.12E5,912.4011,-1.0,Oxidation (M),100 100 100 100 100 100 100,M(+15.99)TLDDFR,HCD
2,5815,AK-172.raw,M(+15.99)TLDDFR,7,99,7,457.2076,2,22.32,6.31E6,912.4011,-0.6,Oxidation (M),100 100 99 99 100 100 100,M(+15.99)TLDDFR,HCD
2,6241,AK-172.raw,M(+15.99)TLDDFR,7,99,7,457.2075,2,23.33,6.31E6,912.4011,-0.7,Oxidation (M),100 100 100 100 100 100 100,M(+15.99)TLDDFR,HCD
2,6450,AK-172.raw,M(+15.99)TLDDFR,7,99,7,457.2075,2,23.84,6.31E6,912.4011,-0.7,Oxidation (M),99 99 100 100 100 100 100,M(+15.99)TLDDFR,HCD
2,4495,AK-172.raw,LAADDFR,7,99,7,404.2036,2,18.87,4.72E6,806.3922,0.6,,100 100 99 99 100 100 100,LAADDFR,HCD
2,6036,AK-172.raw,YLDGLTAER,9,99,9,519.2666,2,22.87,6.47E6,1036.5188,-0.1,,100 100 100 99 98 99 99 100 100,YLDGLTAER,HCD
2,7831,AK-172.raw,LFEDFDR,7,99,7,471.2217,2,26.98,5.82E6,940.4290,-0.1,,100 100 100 99 98 99 100,LFEDFDR,HCD
2,7668,AK-172.raw,MTLDDFR,7,99,7,449.2102,2,26.64,6.5E7,896.4062,-0.3,,99 99 99 99 100 100 100,MTLDDFR,HCD
2,8210,AK-172.raw,VLDELTLAR,9,99,9,515.3010,2,27.81,1.51E7,1028.5867,0.7,,99 100 100 100 99 99 99 99 100,VLDELTLAR,HCD
2,7716,AK-172.raw,VLDELTLTK,9,99,9,516.3030,2,26.75,8.27E7,1030.5911,0.3,,100 100 100 100 100 100 100 99 96,VLDELTLTK,HCD
2,6470,AK-172.raw,LGLYEAMK,8,99,8,462.7464,2,23.89,4.62E5,923.4786,-0.5,,100 99 100 100 100 100 99 95,LGLYEAMK,HCD
2,7406,AK-172.raw,LQLFPR,6,99,6,387.2358,2,26.02,4.31E6,772.4595,-3.2,,99 96 99 99 100 100,LQLFPR,HCD
2,2945,AK-172.raw,EVTQLR,6,98,6,373.2134,2,14.53,6.84E5,744.4130,-1.0,,97 98 100 99 100 100,EVTQLR,HCD
2,7248,AK-172.raw,AWVAWR,6,98,6,394.7133,2,25.68,7.35E5,787.4129,-1.0,,97 97 100 100 100 100,AWVAWR,HCD
2,7106,AK-172.raw,M(+15.99)TLDDFR,7,98,7,457.2078,2,25.36,6.31E6,912.4011,0.0,Oxidation (M),98 97 99 99 100 100 100,M(+15.99)TLDDFR,HCD
2,9143,AK-172.raw,LLDFLK,6,98,6,374.7334,2,29.95,8.26E4,747.4531,-1.0,,100 98 98 97 99 100,LLDFLK,HCD
2,7947,AK-172.raw,VLDELTLTK,9,98,9,516.3027,2,27.25,8.27E7,1030.5911,-0.1,,100 100 100 100 100 100 100 97 94,VLDELTLTK,HCD
2,6818,AK-172.raw,LVQLLVK,7,98,7,406.7834,2,24.72,1.49E6,811.5531,-0.9,,100 99 99 100 100 99 94,LVQLLVK,HCD
2,6936,AK-172.raw,LWDLEK,6,98,6,402.2184,2,24.99,6.62E5,802.4225,-0.4,,96 97 99 100 100 100,LWDLEK,HCD
2,6506,AK-172.raw,YLLTLK,6,98,6,375.7422,2,23.96,1.01E5,749.4687,1.6,,99 99 100 99 99 95,YLLTLK,HCD
2,7282,AK-172.raw,TLLDLDNTR,9,98,9,530.7849,2,25.76,8.42E7,1059.5559,-0.6,,100 100 100 100 100 99 92 95 99,TLLDLDNTR,HCD
2,4722,AK-172.raw,SLVNLGGSK,9,98,9,437.7534,2,19.51,8.51E6,873.4919,0.3,,99 99 100 99 99 99 98 97 94,SLVNLGGSK,HCD
2,4434,AK-172.raw,TAAENDFVTLKK,12,98,12,446.2418,3,18.71,1.24E6,1335.7034,0.1,,94 95 100 100 98 99 100 99 99 100 100 94,TAAENDFVTLKK,HCD
2,6942,AK-172.raw,QDVWFK,6,98,6,411.7104,2,25.01,8.54E5,821.4072,-1.0,,92 99 99 99 100 100,QDVWFK,HCD
2,3963,AK-172.raw,LTLEGEESR,9,97,9,517.2618,2,17.45,5.63E6,1032.5088,0.3,,95 96 100 100 96 98 99 99 100,LTLEGEESR,HCD
2,5810,AK-172.raw,LLLDVK,6,97,6,350.7335,2,22.31,4.13E6,699.4531,-0.8,,92 100 98 98 100 100,LLLDVK,HCD
2,7496,AK-172.raw,MTLDDFR,7,97,7,449.2101,2,26.25,6.5E7,896.4062,-0.6,,100 100 99 99 99 93 95,MTLDDFR,HCD
2,5420,AK-172.raw,YNFLR,5,97,5,356.6920,2,21.29,4.17E4,711.3704,-1.3,,98 94 98 99 100,YNFLR,HCD
2,8176,AK-172.raw,TSLFWQR,7,97,7,469.2477,2,27.74,1.95E5,936.4818,-0.9,,94 95 100 99 98 97 99,TSLFWQR,HCD
2,5730,AK-172.raw,NLLTLK,6,97,6,351.2311,2,22.12,1.16E6,700.4483,-0.8,,91 98 100 100 100 96,NLLTLK,HCD
2,8708,AK-172.raw,VSEELEN(+.98)LLK,10,97,10,587.8134,2,28.95,2.29E5,1173.6128,-0.5,Deamidation (NQ),100 99 100 100 99 99 99 86 94 100,VSEELEN(+.98)LLK,HCD
2,6613,AK-172.raw,DYSPYFK,7,97,7,460.2131,2,24.22,5.56E5,918.4123,-0.6,,91 91 100 99 100 100 100,DYSPYFK,HCD
2,6668,AK-172.raw,M(+15.99)TLDDFR,7,97,7,457.2075,2,24.35,6.31E6,912.4011,-0.8,Oxidation (M),96 97 99 99 99 93 95,M(+15.99)TLDDFR,HCD
2,4794,AK-172.raw,VATVSLPR,8,96,8,421.7589,2,19.69,1.32E8,841.5021,1.3,,98 98 98 97 97 98 96 93,VATVSLPR,HCD
2,6567,AK-172.raw,LLQLQEQMR,9,96,9,579.8182,2,24.10,5.39E5,1157.6226,-0.5,,99 98 99 99 97 98 90 91 99,LLQLQEQMR,HCD
2,8376,AK-172.raw,EGSLQVVSALR,11,96,11,579.8277,2,28.18,1.14E6,1157.6404,0.4,,82 86 100 100 100 100 100 99 99 100 100,EGSLQVVSALR,HCD
2,6542,AK-172.raw,LAEEQLQQLR,10,96,10,614.3361,2,24.04,1.54E5,1226.6619,-3.5,,87 92 100 100 97 99 96 93 99 100,LAEEQLQQLR,HCD
2,8601,AK-172.raw,LALFVPR,7,95,7,408.2604,2,28.70,1.05E5,814.5065,-0.3,,89 92 100 99 97 95 97,LALFVPR,HCD
2,8281,AK-172.raw,EGVEN(+.98)LESVGK,11,95,11,581.2858,2,27.96,4.47E6,1160.5562,0.8,Deamidation (NQ),82 78 100 100 99 98 99 99 99 97 99,EGVEN(+.98)LESVGK,HCD
2,4870,AK-172.raw,VPGVSLPR,8,95,8,412.7550,2,19.86,7.16E5,823.4916,4.6,,98 79 94 100 100 100 99 94,VPGVSLPR,HCD
2,4944,AK-172.raw,LATVSLPR,8,95,8,428.7660,2,20.04,2.33E7,855.5178,-0.4,,100 100 100 99 93 91 93 88,LATVSLPR,HCD
2,4968,AK-172.raw,VATVSLPR,8,95,8,421.7582,2,20.11,1.32E8,841.5021,-0.3,,100 100 99 98 98 97 79 92,VATVSLPR,HCD
2,9717,AK-172.raw,LEGHNLDVLEGNEQFLNAAK,20,95,20,737.7066,3,31.30,5.03E7,2210.0967,0.6,,85 86 85 78 85 91 98 100 100 100 100 100 100 99 100 100 100 100 100 100,LEGHNLDVLEGNEQFLNAAK,HCD
2,4585,AK-172.raw,PVVFPR,6,94,6,357.7198,2,19.11,1.73E5,713.4224,3.8,,82 90 99 98 99 100,PVVFPR,HCD
2,6533,AK-172.raw,WLLNR,5,94,5,351.2084,2,24.02,2.72E5,700.4020,0.4,,100 100 99 95 79,WLLNR,HCD
2,7342,AK-172.raw,YFYFGK,6,94,6,412.6998,2,25.89,2.03E5,823.3904,-6.6,,98 91 97 97 86 97,YFYFGK,HCD
2,3573,AK-172.raw,EHLLLSR,7,94,7,434.2559,2,16.35,6.6E4,866.4974,-0.2,,85 77 100 100 100 100 100,EHLLLSR,HCD
2,3971,AK-172.raw,FGSSGSAVVSSNR,13,94,13,627.8075,2,17.47,8.76E5,1253.6001,0.3,,92 96 100 100 100 100 100 100 100 99 68 72 99,FGSSGSAVVSSNR,HCD
2,6589,AK-172.raw,QGVN(+.98)ADLDLGR,11,93,11,579.7917,2,24.16,6.4E5,1157.5676,1.0,Deamidation (NQ),97 100 100 100 100 100 99 99 63 69 99,QGVN(+.98)ADLDLGR,HCD
2,6876,AK-172.raw,M(+15.99)TLDDFR,7,93,7,457.2074,2,24.86,6.31E6,912.4011,-0.9,Oxidation (M),76 78 99 99 100 100 100,M(+15.99)TLDDFR,HCD
2,7656,AK-172.raw,LASYLDVVAR,10,92,10,553.8134,2,26.61,1.16E5,1105.6130,-0.8,,99 98 99 99 99 94 79 75 92 89,LASYLDVVAR,HCD
2,5864,AK-172.raw,VMPLLNK,7,92,7,407.7458,2,22.44,3.1E5,813.4782,-1.3,,87 81 99 100 99 86 95,VMPLLNK,HCD
2,10298,AK-172.raw,LSNNQFASFLN(+.98)K,12,92,12,692.3483,2,32.56,9.27E7,1382.6831,-0.8,Deamidation (NQ),65 60 96 96 96 100 99 99 97 99 99 99,LSNNQFASFLN(+.98)K,HCD
2,8390,AK-172.raw,VAVGLEFK,8,92,8,431.7553,2,28.20,8.04E5,861.4960,0.2,,68 82 100 99 99 99 99 92,VAVGLEFK,HCD
2,4824,AK-172.raw,KN(+.98)AEAWFEGGK,11,92,11,619.2952,2,19.76,2.97E5,1236.5774,-1.2,Deamidation (NQ),100 99 99 99 99 98 99 98 48 74 100,KN(+.98)AEAWFEGGK,HCD
2,4415,AK-172.raw,LASYLDKVR,9,91,9,355.5410,3,18.66,2.1E6,1063.6025,-1.2,,73 76 91 98 99 99 95 96 99,LASYLDKVR,HCD
2,8060,AK-172.raw,FDLLSPR,7,91,7,424.2379,2,27.49,2.4E5,846.4599,1.7,,99 100 100 100 87 67 90,FDLLSPR,HCD
2,9214,AK-172.raw,VASTESLLLPR,11,91,11,593.3456,2,30.13,5.94E5,1184.6765,0.2,,60 67 99 99 99 94 99 100 100 99 91,VASTESLLLPR,HCD
2,4413,AK-172.raw,LASYLDVKR,9,91,9,532.8084,2,18.66,1.32E6,1063.6025,-0.3,,100 100 100 100 99 99 66 62 97,LASYLDVKR,HCD
2,7331,AK-172.raw,M(+15.99)TLDDFR,7,91,7,457.2054,2,25.86,6.31E6,912.4011,-5.2,Oxidation (M),71 72 99 99 99 99 99,M(+15.99)TLDDFR,HCD
2,7537,AK-172.raw,YLELLTR,7,91,7,454.2653,2,26.35,1.89E6,906.5175,-1.6,,97 97 99 98 76 74 97,YLELLTR,HCD
2,6152,AK-172.raw,VRLDELTLTK,10,91,10,396.5710,3,23.13,7.2E5,1186.6921,-0.7,,67 68 91 95 98 100 100 100 99 93,VRLDELTLTK,HCD
2,6706,AK-172.raw,VFALDYR,7,90,7,442.2367,2,24.44,5.52E5,882.4599,-1.3,,100 100 99 98 71 67 98,VFALDYR,HCD
2,10155,AK-172.raw,VSVELTNLSFK,11,90,11,618.8450,2,32.25,6.05E5,1235.6760,-0.4,,100 100 100 100 100 99 95 56 56 94 93,VSVELTNLSFK,HCD
2,7286,AK-172.raw,QTALVQ(+.98)LVK,9,90,9,500.8050,2,25.77,5.91E5,999.5964,-0.9,Deamidation (NQ),54 60 99 100 100 100 100 100 100,QTALVQ(+.98)LVK,HCD
2,7318,AK-172.raw,LLLQLDANR,9,89,9,528.3130,2,25.83,1.24E6,1054.6135,-2.0,,94 100 100 98 99 99 56 62 99,LLLQLDANR,HCD
2,7010,AK-172.raw,VDQ(+.98)LEVVGR,9,89,9,508.2734,2,25.17,4.11E5,1014.5345,-2.3,Deamidation (NQ),99 100 100 100 99 68 65 88 88,VDQ(+.98)LEVVGR,HCD
2,5090,AK-172.raw,QFSSSYLSR,9,89,9,537.7642,2,20.43,8.27E5,1073.5142,-0.3,,48 61 99 100 100 99 99 99 100,QFSSSYLSR,HCD
2,8094,AK-172.raw,VGEQ(+.98)VELVAVK,11,89,11,586.3332,2,27.57,1.27E7,1170.6497,1.9,Deamidation (NQ),99 77 94 99 99 97 99 98 61 65 93,VGEQ(+.98)VELVAVK,HCD
2,5765,AK-172.raw,LKFEMEQLNR,10,89,10,654.3422,2,22.20,3.31E6,1306.6704,-0.4,,99 100 100 100 99 98 88 46 61 99,LKFEMEQLNR,HCD
2,8216,AK-172.raw,EGEAM(+15.99)AFNEK,10,88,10,571.2433,2,27.82,2.41E6,1140.4756,-3.1,Oxidation (M),76 74 100 98 67 76 99 97 99 100,EGEAM(+15.99)AFNEK,HCD
2,5013,AK-172.raw,TM(+15.99)LDDFR,7,88,7,457.2076,2,20.23,1.15E6,912.4011,-0.5,Oxidation (M),57 63 99 99 100 100 100,TM(+15.99)LDDFR,HCD
2,5698,AK-172.raw,QGVDADLDVAR,11,88,11,579.7910,2,22.04,9.32E5,1157.5676,-0.1,,91 79 93 100 99 99 99 99 51 62 99,QGVDADLDVAR,HCD
2,7276,AK-172.raw,YLDVFR,6,88,6,406.7182,2,25.75,9.49E4,811.4228,-1.1,,98 98 99 62 73 99,YLDVFR,HCD
2,10571,AK-172.raw,FYTLELLK,8,88,8,513.7969,2,33.24,8.79E5,1025.5797,-0.4,,96 87 70 66 98 91 96 100,FYTLELLK,HCD
2,7975,AK-172.raw,FSSQELLLR,9,88,9,546.8062,2,27.31,1.42E5,1091.5974,0.3,,99 99 98 95 99 89 85 48 80,FSSQELLLR,HCD
2,7054,AK-172.raw,EEFSSGSAGLLNYQR,15,87,15,829.3995,2,25.25,2.24E6,1656.7744,6.1,,62 61 66 99 100 100 100 99 68 76 98 96 96 97 100,EEFSSGSAGLLNYQR,HCD
2,8353,AK-172.raw,ELGVGLALR,9,87,9,464.2850,2,28.12,9.32E5,926.5549,0.6,,50 52 98 99 99 99 99 98 94,ELGVGLALR,HCD
2,9515,AK-172.raw,LGFLLN(+.98)GK,8,87,8,431.7548,2,30.89,3.93E5,861.4960,-1.2,Deamidation (NQ),61 63 99 100 99 99 85 92,LGFLLN(+.98)GK,HCD
2,9851,AK-172.raw,VSVAVLLVK,9,87,9,464.3157,2,31.58,3.24E5,926.6164,0.5,,100 100 100 78 62 98 99 87 63,VSVAVLLVK,HCD
2,3047,AK-172.raw,LN(+.98)SELK,6,87,6,352.6948,2,14.82,1.11E6,703.3752,-0.3,Deamidation (NQ),99 97 57 72 99 100,LN(+.98)SELK,HCD
2,7610,AK-172.raw,FLSEMLK,7,87,7,434.2358,2,26.51,8.75E5,866.4572,-0.2,,99 97 62 69 93 97 93,FLSEMLK,HCD
2,7365,AK-172.raw,ELFALK,6,87,6,360.7155,2,25.94,3.32E5,719.4218,-7.4,,76 73 98 99 99 76,ELFALK,HCD
2,11005,AK-172.raw,EVTN(+.98)YLM(+15.99)K,8,86,8,507.7441,2,34.28,1.09E6,1013.4739,-0.3,Deamidation (NQ); Oxidation (M),78 71 99 98 99 99 85 66,EVTN(+.98)YLM(+15.99)K,HCD
2,8038,AK-172.raw,VNVPLAMSR,9,86,9,493.7737,2,27.45,1.42E6,985.5379,-5.0,,61 80 100 100 98 90 55 97 99,VNVPLAMSR,HCD
2,10024,AK-172.raw,GSNSSSYLSR,10,86,10,529.2514,2,31.96,4.2E5,1056.4836,4.4,,31 49 85 100 100 100 100 100 100 100,GSNSSSYLSR,HCD
2,4547,AK-172.raw,LASYLDLKR,9,86,9,360.2130,3,19.00,1.81E5,1077.6182,-0.8,,96 85 90 97 98 97 61 56 97,LASYLDLKR,HCD
2,7278,AK-172.raw,VNVPLAMSR,9,86,9,493.7747,2,25.75,1.03E7,985.5379,-3.0,,68 83 100 100 100 77 51 96 99,VNVPLAMSR,HCD
2,9181,AK-172.raw,RMPSMDVLLSPNK,13,86,13,744.3925,2,30.04,1.69E6,1486.7637,4.5,,57 49 96 95 98 99 99 99 100 99 55 74 98,RMPSMDVLLSPNK,HCD
2,6055,AK-172.raw,TFGVSLPR,8,85,8,438.7499,2,22.91,1.64E6,875.4865,-1.3,,89 94 100 100 98 73 45 88,TFGVSLPR,HCD
2,6074,AK-172.raw,FASFLDK,7,85,7,414.2169,2,22.95,2.44E7,826.4225,-3.8,,94 95 79 75 97 79 79,FASFLDK,HCD
2,8058,AK-172.raw,FDAPLEAVAAK,11,85,11,566.3061,2,27.49,8.76E5,1130.5972,0.4,,71 85 99 99 99 99 97 97 71 61 60,FDAPLEAVAAK,HCD
2,7055,AK-172.raw,TLLDLDQSR,9,85,9,530.7853,2,25.26,8.42E7,1059.5559,0.2,,91 93 100 99 99 98 46 44 96,TLLDLDQSR,HCD
2,10211,AK-172.raw,EVVYLGLR,8,85,8,474.7791,2,32.35,1.32E6,947.5440,-0.3,,76 83 100 100 99 74 60 88,EVVYLGLR,HCD
2,8086,AK-172.raw,MGTLDDFR,8,85,8,477.7215,2,27.55,1.96E5,953.4277,0.9,,38 54 97 96 98 98 99 100,MGTLDDFR,HCD
2,3798,AK-172.raw,EWYEK,5,85,5,377.6736,2,16.99,9.09E4,753.3333,-1.0,,67 60 98 100 100,EWYEK,HCD
2,7074,AK-172.raw,SVEN(+.98)SM(+15.99)VNAR,10,84,10,562.2548,2,25.30,3.28E5,1122.4976,-2.3,Deamidation (NQ); Oxidation (M),74 76 99 98 63 66 97 93 92 86,SVEN(+.98)SM(+15.99)VNAR,HCD
2,4129,AK-172.raw,YENEVLAR,8,84,8,497.2533,2,17.90,7.05E5,992.4927,-0.6,,98 98 96 98 98 75 54 59,YENEVLAR,HCD
2,9067,AK-172.raw,EVQNFLK,7,84,7,439.2411,2,29.76,1.45E6,876.4705,-3.2,,65 49 91 95 99 99 92,EVQNFLK,HCD
2,3680,AK-172.raw,LLQDMR,6,84,6,388.2097,2,16.65,2.27E5,774.4058,-1.4,,100 99 55 57 95 99,LLQDMR,HCD
2,7296,AK-172.raw,EYLLLR,6,84,6,403.7414,2,25.79,7.27E4,805.4698,-1.9,,65 62 99 100 93 85,EYLLLR,HCD
2,2969,AK-172.raw,WESEER,6,84,6,418.1823,2,14.60,1.98E5,834.3508,-1.0,,49 73 98 93 92 98,WESEER,HCD
2,10183,AK-172.raw,TEAENC(+57.02)GATEYQQLLN(+.98)LK,18,83,18,694.9916,3,32.30,7.01E6,2081.9575,-2.1,Carbamidomethylation; Deamidation (NQ),62 68 72 86 56 48 50 76 93 100 100 98 98 100 100 100 100 100,TEAENC(+57.02)GATEYQQLLN(+.98)LK,HCD
2,7697,AK-172.raw,KGGANVQN(+.98)LLSR,12,83,12,629.3434,2,26.70,1.46E7,1256.6836,-9.1,Deamidation (NQ),41 65 90 100 99 100 97 97 93 59 66 99,KGGANVQN(+.98)LLSR,HCD
2,11447,AK-172.raw,EVYDDLMK,8,83,8,506.7362,2,35.40,2.03E6,1011.4583,-0.3,,82 67 67 70 85 99 99 100,EVYDDLMK,HCD
2,5711,AK-172.raw,PPHTHLVLR,9,83,9,357.2117,3,22.07,2.05E6,1068.6191,-5.6,,70 61 48 76 97 100 99 100 100,PPHTHLVLR,HCD
2,5593,AK-172.raw,QMLFVK,6,83,6,383.2202,2,21.76,5.06E5,764.4255,0.4,,52 56 99 100 99 92,QMLFVK,HCD
2,8192,AK-172.raw,EGEAM(+15.99)AFNEK,10,83,10,571.2431,2,27.78,2.41E6,1140.4756,-3.4,Oxidation (M),63 51 98 99 67 63 98 95 99 100,EGEAM(+15.99)AFNEK,HCD
2,7502,AK-172.raw,LTVELDQSR,9,83,9,530.7854,2,26.27,,1059.5559,0.3,,85 82 99 99 99 98 46 43 96,LTVELDQSR,HCD
2,7421,AK-172.raw,LASYLDVVGR,10,83,10,546.8060,2,26.06,4.41E5,1091.5974,0.0,,100 100 100 100 100 99 63 45 35 88,LASYLDVVGR,HCD
2,8206,AK-172.raw,TAEELRLYAD,10,82,10,590.7953,2,27.80,1.58E7,1179.5771,-1.0,,100 100 100 100 98 60 57 52 65 94,TAEELRLYAD,HCD
2,7986,AK-172.raw,LTLDDLDTR,9,82,9,531.2773,2,27.34,3.96E5,1060.5400,0.0,,85 82 98 97 49 38 96 99 100,LTLDDLDTR,HCD
2,3545,AK-172.raw,TSFTTATR,8,82,8,442.7270,2,16.27,4.46E4,883.4399,-0.6,,100 100 100 99 67 48 51 96,TSFTTATR,HCD
2,6180,AK-172.raw,EGGAAAALADAEQR,14,82,14,443.8844,3,23.20,4.61E5,1328.6321,-0.6,,49 35 65 79 79 79 85 95 99 99 98 98 96 99,EGGAAAALADAEQR,HCD
2,10498,AK-172.raw,GMQDLVEDFK,10,82,10,591.2785,2,33.05,4.3E5,1180.5435,-0.8,,44 32 62 98 98 97 97 98 98 100,GMQDLVEDFK,HCD
2,8218,AK-172.raw,AVLLSLAR,8,82,8,421.7768,2,27.83,8.99E4,841.5385,0.7,,59 82 100 99 95 60 66 98,AVLLSLAR,HCD
2,5215,AK-172.raw,AEVLSLR,7,82,7,394.2367,2,20.76,9.09E4,786.4599,-1.3,,72 85 98 67 56 98 99,AEVLSLR,HCD
2,6546,AK-172.raw,ALQ(+.98)EQLQLQR,10,82,10,614.3365,2,24.05,1.54E5,1226.6619,-2.7,Deamidation (NQ),73 82 99 99 95 97 88 35 54 99,ALQ(+.98)EQLQLQR,HCD
2,7314,AK-172.raw,LPPSFC(+57.02)PPR,9,82,9,535.7756,2,25.83,1.09E6,1069.5378,-1.1,Carbamidomethylation,88 88 99 97 57 55 69 86 99,LPPSFC(+57.02)PPR,HCD
2,6066,AK-172.raw,AN(+.98)DFLR,6,82,6,368.6833,2,22.94,8.98E4,735.3551,-4.2,Deamidation (NQ),95 96 98 59 61 83,AN(+.98)DFLR,HCD
2,5205,AK-172.raw,M(+15.99)TLDDFR,7,82,7,457.2082,2,20.73,1.14E6,912.4011,0.8,Oxidation (M),45 52 96 98 99 90 92,M(+15.99)TLDDFR,HCD
2,7742,AK-172.raw,MSVEAN(+.98)LAVNR,11,82,11,602.8029,2,26.80,5.67E5,1203.5918,-0.5,Deamidation (NQ),99 100 100 100 99 99 96 49 35 37 88,MSVEAN(+.98)LAVNR,HCD
2,7701,AK-172.raw,LYEDNFGK,8,82,8,493.2343,2,26.71,4.8E5,984.4552,-1.1,,99 99 99 98 91 61 49 60,LYEDNFGK,HCD
2,5755,AK-172.raw,LATYVDPR,8,81,8,467.7529,2,22.18,1.6E5,933.4919,-0.8,,100 100 100 99 59 55 46 97,LATYVDPR,HCD
2,8786,AK-172.raw,GSAFVNSSGGFSGGSFSR,18,81,18,569.9291,3,29.14,2.33E6,1706.7649,0.4,,51 56 63 49 44 54 88 99 91 87 99 99 99 99 99 96 97 99,GSAFVNSSGGFSGGSFSR,HCD
2,3522,AK-172.raw,NLNAGC(+57.02)AEK,9,81,9,488.7277,2,16.21,2.59E5,975.4443,-3.7,Carbamidomethylation,84 92 94 95 54 65 79 85 86,NLNAGC(+57.02)AEK,HCD
2,10193,AK-172.raw,EGELLQQVYKGPD,13,81,13,738.3797,2,32.32,5.89E7,1474.7302,9.9,,69 56 99 100 100 98 95 98 62 55 61 70 95,EGELLQQVYKGPD,HCD
2,5889,AK-172.raw,YLTWASR,7,81,7,448.7346,2,22.51,1.08E5,895.4552,-0.6,,100 99 99 90 45 52 85,YLTWASR,HCD
2,7083,AK-172.raw,LLLPGVAK,8,81,8,405.7760,2,25.31,1.33E6,809.5374,0.0,,92 100 100 99 97 60 43 60,LLLPGVAK,HCD
2,3743,AK-172.raw,TLEDLR,6,81,6,373.7054,2,16.83,1.99E5,745.3970,-1.1,,43 52 97 98 99 99,TLEDLR,HCD
2,4205,AK-172.raw,WDPDGR,6,81,6,373.1662,2,18.10,2.1E5,744.3191,-1.7,,55 68 92 97 84 90,WDPDGR,HCD
2,5260,AK-172.raw,MNQN(+.98)M(+15.99)VEDYR,10,81,10,658.7659,2,20.87,1.89E6,1315.5173,0.0,Deamidation (NQ); Oxidation (M),19 30 89 97 98 99 99 99 89 92,MNQN(+.98)M(+15.99)VEDYR,HCD
2,7066,AK-172.raw,ARGGFGGQYR,10,81,10,534.7661,2,25.28,2.17E5,1067.5261,-8.0,,59 68 99 99 99 98 96 39 54 98,ARGGFGGQYR,HCD
2,7444,AK-172.raw,LATETEER,8,81,8,474.7334,2,26.12,1.66E6,947.4560,-4.0,,100 99 94 61 44 73 79 98,LATETEER,HCD
2,6842,AK-172.raw,VALVSLPR,8,80,8,427.7763,2,24.78,1.48E5,853.5385,-0.5,,99 99 100 99 68 63 61 56,VALVSLPR,HCD
2,6528,AK-172.raw,GYSFTTLTDR,10,80,10,580.7829,2,24.01,2.23E5,1159.5510,0.2,,85 95 100 100 100 99 54 29 50 95,GYSFTTLTDR,HCD
2,8956,AK-172.raw,LSTEVAAAKAK,11,80,11,544.8157,2,29.50,4.81E5,1087.6238,-6.4,,98 99 99 99 99 99 82 72 49 34 55,LSTEVAAAKAK,HCD
2,8341,AK-172.raw,LVQ(+.98)LEGLDFPVR,12,80,12,693.8861,2,28.10,1.12E5,1385.7554,1.7,Deamidation (NQ),62 70 99 99 99 96 96 57 40 55 92 100,LVQ(+.98)LEGLDFPVR,HCD
2,6600,AK-172.raw,LPLYLK,6,80,6,373.7438,2,24.19,9.41E4,745.4738,-1.0,,98 98 99 78 54 55,LPLYLK,HCD
2,8335,AK-172.raw,PLDDLLPK,8,80,8,455.7659,2,28.08,1.14E6,909.5171,0.1,,43 55 84 85 86 97 99 94,PLDDLLPK,HCD
2,5614,AK-172.raw,M(+15.99)TLDDFR,7,80,7,457.2076,2,21.82,6.31E6,912.4011,-0.6,Oxidation (M),40 46 95 99 99 90 92,M(+15.99)TLDDFR,HCD
2,5634,AK-172.raw,FLLEAQR,7,80,7,438.7503,2,21.87,7.83E4,875.4865,-0.4,,89 89 96 57 40 92 98,FLLEAQR,HCD
2,7535,AK-172.raw,AAAVPLNYR,9,80,9,487.7744,2,26.34,1.41E6,973.5345,-0.3,,50 73 94 100 99 95 54 59 98,AAAVPLNYR,HCD
2,8319,AK-172.raw,DMLANFR,7,80,7,433.7130,2,28.05,2.18E5,865.4116,-0.1,,82 66 99 96 55 65 98,DMLANFR,HCD
2,3504,AK-172.raw,ELLEER,6,80,6,394.7103,2,16.16,8.68E4,787.4075,-2.0,,49 56 97 99 92 88,ELLEER,HCD
2,7029,AK-172.raw,NSLALLDVYHK,11,80,11,424.9031,3,25.20,1.23E6,1271.6873,0.3,,32 37 66 78 85 99 99 99 99 90 97,NSLALLDVYHK,HCD
2,6356,AK-172.raw,MTLDDFR,7,79,7,449.2103,2,23.61,5.92E4,896.4062,-0.2,,30 51 97 98 99 89 91,MTLDDFR,HCD
2,5428,AK-172.raw,TFYQDLR,7,79,7,471.7371,2,21.31,1.01E5,941.4606,-1.1,,99 98 96 45 55 77 84,TFYQDLR,HCD
2,2939,AK-172.raw,VLAM(+15.99)QK,6,79,6,353.2018,2,14.51,1.9E5,704.3891,-0.2,Oxidation (M),100 99 65 46 68 97,VLAM(+15.99)QK,HCD
2,6383,AK-172.raw,VPTLFK,6,79,6,352.7202,2,23.68,3.64E5,703.4268,-1.4,,85 43 71 99 98 79,VPTLFK,HCD
2,9281,AK-172.raw,TSAAMDSPNNMQDLVEDYKK,20,79,20,753.0146,3,30.30,8.24E5,2256.0037,8.2,,92 83 78 60 33 50 45 56 50 50 95 94 98 99 99 99 99 99 100 100,TSAAMDSPNNMQDLVEDYKK,HCD
2,5203,AK-172.raw,NFDLPK,6,79,6,367.1967,2,20.73,1.03E5,732.3806,-2.5,,39 51 96 98 92 97,NFDLPK,HCD
2,8146,AK-172.raw,VPTPVVEHK,9,79,9,503.2909,2,27.68,3.69E5,1004.5654,1.8,,40 34 61 82 99 97 98 99 100,VPTPVVEHK,HCD
2,3714,AK-172.raw,LLAAAALAPEPR,12,79,12,398.2396,3,16.74,1.53E6,1191.6975,-0.5,,67 71 73 70 73 82 99 99 93 66 54 98,LLAAAALAPEPR,HCD
2,8723,AK-172.raw,NGLWELTR,8,79,8,494.7634,2,28.99,4.14E4,987.5137,-1.5,,59 68 93 98 97 55 61 99,NGLWELTR,HCD
2,3028,AK-172.raw,KSEAAESLYQSK,12,78,12,447.5612,3,14.77,3.43E5,1339.6619,0.0,,41 41 63 63 69 83 97 99 99 97 97 93,KSEAAESLYQSK,HCD
2,8842,AK-172.raw,VPTANVSVVN(+.98)GM(+15.99)GLR,15,78,15,765.9003,2,29.26,,1529.7871,-0.7,Deamidation (NQ); Oxidation (M),79 75 99 100 99 100 100 100 99 99 48 38 30 44 70,VPTANVSVVN(+.98)GM(+15.99)GLR,HCD
2,6388,AK-172.raw,FQFLSR,6,78,6,399.2184,2,23.69,1.2E5,796.4232,-1.0,,98 93 94 55 44 87,FQFLSR,HCD
2,6452,AK-172.raw,EYELELTAGR,10,78,10,590.7956,2,23.85,1.47E5,1179.5771,-0.4,,70 62 99 97 98 98 62 54 62 80,EYELELTAGR,HCD
2,10675,AK-172.raw,LAELHAYLR,9,78,9,543.3076,2,33.51,1.55E5,1084.6028,-2.0,,99 99 100 99 37 38 49 92 89,LAELHAYLR,HCD
2,8311,AK-172.raw,LSVEAN(+.98)ALVNR,11,78,11,593.8253,2,28.03,1.95E5,1185.6353,0.6,Deamidation (NQ),99 99 100 100 98 96 52 40 32 44 96,LSVEAN(+.98)ALVNR,HCD
2,9822,AK-172.raw,DLTN(+.98)YTWK,8,78,8,521.2491,2,31.52,2.67E5,1040.4814,2.1,Deamidation (NQ),62 62 98 97 96 48 59 99,DLTN(+.98)YTWK,HCD
2,2510,AK-172.raw,YEDELKNR,8,77,8,533.7620,2,13.18,9.2E4,1065.5090,0.4,,97 99 99 98 51 35 44 96,YEDELKNR,HCD
2,9052,AK-172.raw,VFLEKTPR,8,77,8,495.2922,2,29.73,1.73E5,988.5705,-0.6,,100 100 100 99 50 38 39 96,VFLEKTPR,HCD
2,6321,AK-172.raw,ADLLQR,6,77,6,358.2063,2,23.52,1.38E6,714.4024,-6.1,,38 60 97 95 88 86,ADLLQR,HCD
2,7779,AK-172.raw,LEVLQGLASNPAR,13,77,13,456.5903,3,26.87,4.87E4,1366.7568,-5.7,,39 49 59 78 96 99 100 100 90 44 51 98 100,LEVLQGLASNPAR,HCD
2,5182,AK-172.raw,LALLNR,6,77,6,350.2284,2,20.68,1.4E5,698.4439,-2.3,,100 99 98 46 34 85,LALLNR,HCD
2,10403,AK-172.raw,EGELLQQVDTTSR,13,77,13,738.3757,2,32.82,,1474.7263,7.2,,70 59 99 100 100 95 95 98 99 59 37 33 57,EGELLQQVDTTSR,HCD
2,8683,AK-172.raw,LLGVVFK,7,77,7,388.2567,2,28.89,,774.5003,-2.0,,100 100 79 55 61 78 63,LLGVVFK,HCD
2,2567,AK-172.raw,C(+57.02)DVDLKR,7,77,7,453.2292,2,13.35,6.28E4,904.4436,0.3,Carbamidomethylation,98 99 99 98 52 37 54,C(+57.02)DVDLKR,HCD
2,6177,AK-172.raw,LFFC(+57.02)PK,6,76,6,406.2116,2,23.19,1.73E5,810.4098,-1.3,Carbamidomethylation,51 52 90 96 81 89,LFFC(+57.02)PK,HCD
2,4420,AK-172.raw,ATAEN(+.98)NFVLTKK,12,76,12,668.8587,2,18.67,4.63E5,1335.7034,-0.4,Deamidation (NQ),85 91 100 99 43 39 79 90 63 56 88 87,ATAEN(+.98)NFVLTKK,HCD
2,5094,AK-172.raw,QLN(+.98)SLVEGR,9,76,9,508.7722,2,20.44,5.73E5,1015.5298,0.0,Deamidation (NQ),34 50 98 99 99 98 67 48 97,QLN(+.98)SLVEGR,HCD
2,8388,AK-172.raw,LFKLGTGK,8,76,8,432.2711,2,28.20,3.55E5,862.5276,0.0,,100 99 90 78 65 55 38 88,LFKLGTGK,HCD
2,6295,AK-172.raw,FAGREASFLDK,11,76,11,414.2185,3,23.46,,1239.6248,7.3,,54 50 40 37 67 98 98 98 99 100 100,FAGREASFLDK,HCD
2,4771,AK-172.raw,LFDQLK,6,76,6,382.2206,2,19.62,1.12E5,762.4276,-1.2,,98 95 55 43 79 88,LFDQLK,HCD
2,6998,AK-172.raw,QLSNLQGASLSN(+.98)AEQR,16,76,16,858.9293,2,25.14,5.42E6,1715.8438,0.2,Deamidation (NQ),45 60 98 97 98 93 46 57 97 98 98 95 46 52 50 84,QLSNLQGASLSN(+.98)AEQR,HCD
2,6394,AK-172.raw,YEELQVEKR,9,76,9,597.3110,2,23.71,3.57E6,1192.6086,-0.9,,67 88 100 99 95 96 56 29 54,YEELQVEKR,HCD
2,5211,AK-172.raw,TRLEQELATYR,11,76,11,460.5804,3,20.75,8.72E5,1378.7205,-0.8,,48 29 46 70 55 91 100 99 99 100 100,TRLEQELATYR,HCD
2,7161,AK-172.raw,LWTSPR,6,76,6,380.2099,2,25.47,4.31E5,758.4075,-3.1,,97 82 44 49 83 99,LWTSPR,HCD
2,7343,AK-172.raw,LPN(+.98)SPMDVK,9,76,9,501.2520,2,25.89,2.04E5,1000.4899,-0.4,Deamidation (NQ),96 93 96 51 34 32 82 98 100,LPN(+.98)SPMDVK,HCD
2,5878,AK-172.raw,QGVDADLAVNR,11,76,11,579.2990,2,22.48,5.67E6,1156.5835,-0.1,,68 85 100 100 99 98 95 41 31 32 86,QGVDADLAVNR,HCD
2,3450,AK-172.raw,EHVLVESGGD,10,76,10,521.2461,2,16.02,7.94E6,1040.4774,0.2,,46 21 66 82 70 83 98 99 99 94,EHVLVESGGD,HCD
2,7902,AK-172.raw,LALYN(+.98)GMMR,9,75,9,535.2626,2,27.15,1.55E5,1068.5095,1.0,Deamidation (NQ),100 100 100 99 57 37 33 57 98,LALYN(+.98)GMMR,HCD
2,5699,AK-172.raw,LELDTLNR,8,75,8,487.2692,2,22.04,9.25E6,972.5240,-0.2,,98 98 98 65 43 46 57 99,LELDTLNR,HCD
2,7300,AK-172.raw,MNQN(+.98)MVEDFAD,11,75,11,657.7572,2,25.80,5.2E5,1313.4905,7.1,Deamidation (NQ),27 37 94 99 97 98 98 97 43 49 91,MNQN(+.98)MVEDFAD,HCD
2,8136,AK-172.raw,LYNASMMR,8,75,8,493.2351,2,27.66,1.03E6,984.4521,3.6,,99 98 56 39 62 70 79 99,LYNASMMR,HCD
2,8941,AK-172.raw,QVLLFR,6,75,6,388.2438,2,29.47,1.65E5,774.4752,-2.7,,46 67 98 88 67 86,QVLLFR,HCD
2,4113,AK-172.raw,ESLTELR,7,75,7,424.2290,2,17.86,7.84E5,846.4446,-1.4,,57 51 96 56 69 98 99,ESLTELR,HCD
2,6038,AK-172.raw,EYELQLQTR,9,75,9,590.3030,2,22.87,1.75E7,1178.5930,-1.4,,68 75 100 99 93 97 46 35 65,EYELQLQTR,HCD
2,4374,AK-172.raw,LASYLDRGVK,10,75,10,561.3195,2,18.56,2.78E5,1120.6240,0.4,,100 100 100 100 99 97 45 27 31 55,LASYLDRGVK,HCD
2,3230,AK-172.raw,LDESLR,6,75,6,366.6976,2,15.37,9.5E4,731.3813,-1.0,,97 95 56 43 76 84,LDESLR,HCD
2,10229,AK-172.raw,EAPEAN(+.98)LNVAR,11,74,11,592.7990,2,32.39,9.8E5,1183.5833,0.1,Deamidation (NQ),61 49 77 100 100 99 98 91 33 30 83,EAPEAN(+.98)LNVAR,HCD
2,10397,AK-172.raw,VLC(+57.02)PSMN(+.98)LVLSNPK,14,74,14,786.9088,2,32.81,2.11E6,1571.8052,-1.3,Carbamidomethylation; Deamidation (NQ),45 52 76 79 81 95 97 62 62 98 96 46 55 96,VLC(+57.02)PSMN(+.98)LVLSNPK,HCD
2,9418,AK-172.raw,ELVTLLR,7,74,7,422.2679,2,30.66,8.3E4,842.5225,-1.4,,59 49 51 62 99 100 100,ELVTLLR,HCD
2,6970,AK-172.raw,ALLTWK,6,74,6,366.2261,2,25.08,1.03E5,730.4377,0.0,,56 70 98 96 59 67,ALLTWK,HCD
2,5896,AK-172.raw,GC(+57.02)VLAFR,7,74,7,411.7177,2,22.53,7.14E4,821.4218,-1.0,Carbamidomethylation,73 82 99 98 59 45 63,GC(+57.02)VLAFR,HCD
2,8638,AK-172.raw,LLWGYHTR,8,74,8,523.2874,2,28.78,2.09E5,1044.5505,9.2,,96 68 77 69 69 43 72 99,LLWGYHTR,HCD
2,2935,AK-172.raw,FHNEFR,6,74,6,425.2031,2,14.50,4.54E4,848.3929,-1.5,,93 86 82 52 49 81,FHNEFR,HCD
2,4686,AK-172.raw,LEQELATYR,9,74,9,561.7930,2,19.41,2.41E5,1121.5715,-0.1,,34 44 90 99 98 96 63 60 83,LEQELATYR,HCD
2,9007,AK-172.raw,ALVELVEK,8,74,8,450.7736,2,29.62,4.93E5,899.5328,-0.2,,85 86 96 55 33 41 96 99,ALVELVEK,HCD
2,7963,AK-172.raw,PVTVVTPR,8,74,8,434.7661,2,27.29,1.38E5,867.5178,-0.1,,78 85 99 98 57 54 61 55,PVTVVTPR,HCD
2,7065,AK-172.raw,WEDAEVNAR,9,74,9,363.8365,3,25.28,1.21E6,1088.4888,-0.9,,52 63 67 44 61 95 95 96 89,WEDAEVNAR,HCD
2,7092,AK-172.raw,APLALLSQSR,10,74,10,528.3158,2,25.33,1.19E5,1054.6135,3.3,,85 91 100 100 100 98 50 30 30 54,APLALLSQSR,HCD
2,4862,AK-172.raw,SLSLEKR,7,73,7,416.7491,2,19.84,7.73E6,831.4814,2.8,,65 72 96 93 52 41 95,SLSLEKR,HCD
2,6081,AK-172.raw,LEFSLQSAK,9,73,9,511.7776,2,22.97,1.13E5,1021.5444,-3.7,,98 98 63 60 96 85 43 37 82,LEFSLQSAK,HCD
2,4455,AK-172.raw,SLLAEVK,7,73,7,380.2335,2,18.76,1.05E5,758.4538,-1.7,,55 71 98 57 66 79 87,SLLAEVK,HCD
2,4924,AK-172.raw,SVEN(+.98)DSVLLD,10,73,10,546.2592,2,19.99,4.07E5,1090.5029,0.8,Deamidation (NQ),61 65 98 98 83 72 92 50 44 71,SVEN(+.98)DSVLLD,HCD
2,5925,AK-172.raw,TMGNGFLDR,9,73,9,505.7399,2,22.60,8.28E4,1009.4651,0.2,,73 52 55 48 51 90 94 96 98,TMGNGFLDR,HCD
2,10065,AK-172.raw,LSNNQFAYALN(+.98)K,12,73,12,692.3488,2,32.06,9.27E7,1382.6831,0.0,Deamidation (NQ),46 40 57 34 48 98 98 83 79 95 97 99,LSNNQFAYALN(+.98)K,HCD
2,3708,AK-172.raw,AQYEELANR,9,73,9,547.2675,2,16.73,1.73E5,1092.5200,0.3,,78 60 99 99 99 97 46 31 48,AQYEELANR,HCD
2,10813,AK-172.raw,LFVNAFLK,8,73,8,476.2857,2,33.83,3.55E5,950.5589,-2.2,,100 99 98 50 43 57 75 61,LFVNAFLK,HCD
2,6910,AK-172.raw,DLEFLSGK,8,72,8,454.7397,2,24.93,1.11E5,907.4650,-0.3,,25 19 43 98 99 99 99 100,DLEFLSGK,HCD
2,4763,AK-172.raw,VATVSPLR,8,72,8,421.7578,2,19.61,1.32E8,841.5021,-1.3,,99 99 99 98 63 34 35 50,VATVSPLR,HCD
2,3844,AK-172.raw,VTMQGPQSSR,10,72,10,545.7688,2,17.11,1.92E6,1089.5237,-0.6,,98 98 99 95 34 28 39 57 72 98,VTMQGPQSSR,HCD
2,7221,AK-172.raw,LGEHPR,6,72,6,354.6948,2,25.61,6.51E4,707.3715,5.0,,92 26 54 61 98 100,LGEHPR,HCD
2,7794,AK-172.raw,VEEN(+.98)LLVVAK,10,72,10,557.8218,2,26.90,2.2E5,1113.6282,0.9,Deamidation (NQ),94 97 99 49 30 45 95 56 60 91,VEEN(+.98)LLVVAK,HCD
2,3518,AK-172.raw,ERYLSK,6,71,6,398.2212,2,16.20,6.22E4,794.4286,-1.1,,56 39 59 87 98 91,ERYLSK,HCD
2,7497,AK-172.raw,LFTM(+15.99)AER,7,71,7,442.2187,2,26.26,7.7E4,882.4269,-4.6,Oxidation (M),97 94 60 44 41 68 98,LFTM(+15.99)AER,HCD
2,4327,AK-172.raw,VATVAVLR,8,71,8,414.7683,2,18.42,8.83E4,827.5229,-1.0,,96 98 99 98 59 40 33 48,VATVAVLR,HCD
2,7976,AK-172.raw,DLMLLK,6,71,6,366.7195,2,27.32,1.36E5,731.4251,-1.0,,41 33 74 90 99 92,DLMLLK,HCD
2,8152,AK-172.raw,TGREEWFFTK,10,71,10,434.2121,3,27.69,4.64E6,1299.6248,-7.9,,60 45 39 55 56 61 98 99 100 100,TGREEWFFTK,HCD
2,6116,AK-172.raw,FAFSLDKLR,9,71,9,366.2102,3,23.04,1.46E5,1095.6077,1.0,,63 73 50 73 96 97 44 49 96,FAFSLDKLR,HCD
2,8099,AK-172.raw,VPDAMLK,7,71,7,387.2148,2,27.58,1.96E5,772.4153,-0.2,,73 86 52 39 57 91 97,VPDAMLK,HCD
2,3976,AK-172.raw,RLGLTLK,7,71,7,400.7711,2,17.48,2.51E6,799.5280,-0.3,,34 40 46 82 97 100 96,RLGLTLK,HCD
2,7908,AK-172.raw,LYEC(+57.02)MKR,7,71,7,500.2424,2,27.16,1.15E5,998.4677,2.5,Carbamidomethylation,99 99 99 46 21 40 93,LYEC(+57.02)MKR,HCD
2,10185,AK-172.raw,TAMAYEANNNYQQLLN(+.98)LK,18,71,18,700.6684,3,32.30,9.14E4,2098.9993,-7.6,Deamidation (NQ),79 71 49 39 33 51 46 40 35 48 98 94 93 99 99 99 100 100,TAMAYEANNNYQQLLN(+.98)LK,HCD
2,6423,AK-172.raw,LELLTN(+.98)N(+.98)R,8,71,8,487.7608,2,23.78,7.36E4,973.5080,-0.9,Deamidation (NQ),99 99 99 56 34 34 46 97,LELLTN(+.98)N(+.98)R,HCD
2,7767,AK-172.raw,PATPERPMVVDK,12,70,12,670.3602,2,26.85,2.31E5,1338.6965,6.9,,85 95 100 99 97 41 30 24 34 48 97 99,PATPERPMVVDK,HCD
2,8986,AK-172.raw,LVLEVLSR,8,70,8,464.7952,2,29.57,8.16E4,927.5753,0.6,,51 92 99 98 49 39 43 94,LVLEVLSR,HCD
2,6920,AK-172.raw,LPVDLAYK,8,70,8,459.7680,2,24.96,3.89E5,917.5222,-0.7,,99 96 98 96 46 39 38 52,LPVDLAYK,HCD
2,12382,AK-172.raw,NRWLPR,6,70,6,421.2424,2,37.81,2.42E5,840.4719,-2.0,,32 32 63 97 99 99,NRWLPR,HCD
2,7968,AK-172.raw,ATFQEALDAAGKD,13,70,13,668.8222,2,27.30,4.31E5,1335.6306,-0.6,,85 67 50 52 99 99 98 99 81 66 31 27 61,ATFQEALDAAGKD,HCD
2,7964,AK-172.raw,ATEELLAYDR,10,70,10,590.7955,2,27.29,1.58E7,1179.5771,-0.5,,74 79 100 99 99 97 43 27 38 49,ATEELLAYDR,HCD
2,5869,AK-172.raw,AFSFLN(+.98)KGVR,10,70,10,570.3137,2,22.46,1.56E5,1138.6135,-0.6,Deamidation (NQ),84 84 98 99 98 96 44 24 27 46,AFSFLN(+.98)KGVR,HCD
2,10160,AK-172.raw,ANPKQQVN(+.98)TSTR,12,70,12,672.8408,2,32.26,7.74E5,1343.6794,-9.2,Deamidation (NQ),31 30 30 40 89 91 97 98 95 65 76 99,ANPKQQVN(+.98)TSTR,HCD
2,7499,AK-172.raw,FALLVLSM(+15.99)D,9,70,9,512.7692,2,26.26,7.27E6,1023.5311,-7.0,Oxidation (M),48 61 96 98 95 93 46 34 56,FALLVLSM(+15.99)D,HCD
2,5700,AK-172.raw,LSLSTASYNR,10,70,10,556.2913,2,22.04,1.27E6,1110.5669,1.1,,99 99 100 99 95 52 34 29 32 60,LSLSTASYNR,HCD
2,5960,AK-172.raw,SGGLPALVR,9,70,9,435.2635,2,22.69,3.69E5,868.5130,-0.6,,66 70 87 92 96 62 44 31 79,SGGLPALVR,HCD
2,5938,AK-172.raw,ELTGLAVK,8,69,8,415.7521,2,22.63,1.63E5,829.4909,-1.4,,50 43 90 96 97 57 38 86,ELTGLAVK,HCD
2,7733,AK-172.raw,LEVLQGLAGTSAAR,14,69,14,462.5955,3,26.78,8.17E6,1384.7673,-2.0,,44 51 51 54 54 66 85 99 94 91 90 54 51 91,LEVLQGLAGTSAAR,HCD
2,5311,AK-172.raw,QQSN(+.98)DFR,7,69,7,448.2022,2,21.01,1.29E5,894.3831,7.6,Deamidation (NQ),25 24 41 97 100 100 100,QQSN(+.98)DFR,HCD
2,7786,AK-172.raw,VALDLDASGR,10,69,10,508.7729,2,26.89,6.98E5,1015.5298,1.5,,59 59 93 98 96 95 37 29 37 93,VALDLDASGR,HCD
2,11725,AK-172.raw,ALLN(+.98)LELTFN(+.98)K,11,69,11,639.3582,2,36.06,3.26E5,1276.6914,8.2,Deamidation (NQ),77 84 95 98 99 98 90 34 21 22 45,ALLN(+.98)LELTFN(+.98)K,HCD
2,5339,AK-172.raw,LLAPAPNK,8,69,8,412.2549,2,21.08,9.65E5,822.4963,-1.3,,100 100 100 99 54 25 27 50,LLAPAPNK,HCD
2,4449,AK-172.raw,KQQSLLDK,8,69,8,480.2796,2,18.74,5.19E6,958.5447,-0.2,,33 29 41 66 88 99 100 100,KQQSLLDK,HCD
2,8436,AK-172.raw,VLDELLATR,9,69,9,515.3001,2,28.32,1.51E7,1028.5867,-1.0,,98 98 98 65 44 44 38 44 96,VLDELLATR,HCD
2,7559,AK-172.raw,FAAYLN(+.98)K,7,69,7,414.2184,2,26.39,1.26E5,826.4225,-0.3,Deamidation (NQ),52 48 46 48 95 97 97,FAAYLN(+.98)K,HCD
2,7710,AK-172.raw,LVELQGLAGPFNK,13,69,13,693.3909,2,26.73,2.97E7,1384.7715,-3.0,,70 76 100 99 96 96 98 97 39 21 26 28 54,LVELQGLAGPFNK,HCD
2,5679,AK-172.raw,NVELDPELAGK,11,69,11,592.8113,2,21.99,1.43E6,1183.6084,-0.2,,37 61 100 99 99 43 62 96 67 45 51,NVELDPELAGK,HCD
2,5158,AK-172.raw,VATVSLPR,8,69,8,421.7579,2,20.62,,841.5021,-1.1,,99 98 97 93 44 41 27 51,VATVSLPR,HCD
2,11408,AK-172.raw,LLVVYGKGTLPD,12,69,12,637.8660,2,35.31,1.98E5,1273.7280,-8.4,,99 99 100 100 99 49 33 23 28 46 57 95,LLVVYGKGTLPD,HCD
2,7152,AK-172.raw,LPLVVNYR,8,69,8,487.2979,2,25.45,1.17E5,972.5756,5.7,,98 100 100 98 44 31 29 51,LPLVVNYR,HCD
2,6129,AK-172.raw,SVEEWAVNR,9,69,9,545.2696,2,23.07,1.1E6,1088.5251,-0.5,,70 74 99 99 95 40 30 28 82,SVEEWAVNR,HCD
2,6431,AK-172.raw,EYELQVTVGR,10,68,10,398.5432,3,23.80,1.22E5,1192.6089,-1.1,,45 38 72 38 32 93 94 97 82 94,EYELQVTVGR,HCD
2,3612,AK-172.raw,EMSEFTK,7,68,7,436.1964,2,16.46,4.01E4,870.3793,-1.2,,57 27 41 60 95 99 100,EMSEFTK,HCD
2,4926,AK-172.raw,VLPVYR,6,68,6,373.7314,2,20.00,4.32E4,745.4486,-0.5,,61 69 92 56 55 76,VLPVYR,HCD
2,4088,AK-172.raw,LSSVLASNC(+57.02)R,10,68,10,553.7847,2,17.79,1.41E5,1105.5549,-0.1,Carbamidomethylation,96 95 78 80 99 97 43 25 25 46,LSSVLASNC(+57.02)R,HCD
2,8255,AK-172.raw,TMFGELLTGDK,11,68,11,606.3023,2,27.90,4.44E5,1210.5903,-0.2,,79 52 56 45 91 97 70 56 41 65 96,TMFGELLTGDK,HCD
2,14226,AK-172.raw,TTVVLLR,7,68,7,401.2613,2,42.95,1.34E7,800.5120,-4.9,,40 26 43 76 98 99 98,TTVVLLR,HCD
2,6400,AK-172.raw,LNVLTGPVR,9,68,9,484.7975,2,23.72,5.28E4,967.5814,-0.9,,71 86 99 99 97 49 33 30 49,LNVLTGPVR,HCD
2,5931,AK-172.raw,YAAFLDKVR,9,68,9,361.5376,3,22.61,3.43E6,1081.5920,-0.9,,27 29 45 70 98 97 92 73 83,YAAFLDKVR,HCD
2,5395,AK-172.raw,ALLETLK,7,68,7,394.2491,2,21.22,5.76E4,786.4850,-1.7,,85 77 49 40 43 93 89,ALLETLK,HCD
2,4632,AK-172.raw,EGLARR,6,68,6,351.2085,2,19.25,3.52E5,700.3980,6.2,,67 52 96 66 45 80,EGLARR,HCD
2,7930,AK-172.raw,KNANVQN(+.98)VLTR,11,68,11,629.3438,2,27.21,1.74E5,1256.6836,-8.4,Deamidation (NQ),61 54 97 95 96 94 96 45 31 28 50,KNANVQN(+.98)VLTR,HCD
2,6440,AK-172.raw,SVEN(+.98)AMVQGR,10,68,10,546.2591,2,23.82,5.97E5,1090.5078,-3.8,Deamidation (NQ),79 80 99 98 55 37 92 40 28 72,SVEN(+.98)AMVQGR,HCD
2,7454,AK-172.raw,NNLTSPTFR,9,68,9,525.2724,2,26.15,4.57E4,1048.5300,0.2,,40 45 79 97 61 38 55 98 100,NNLTSPTFR,HCD
2,9624,AK-172.raw,VVLLEPLR,8,68,8,469.8051,2,31.11,5.86E4,937.5960,-0.5,,98 97 99 41 33 28 67 79,VVLLEPLR,HCD
2,9790,AK-172.raw,TLGLLQSFPK,10,68,10,552.3269,2,31.45,6.29E5,1102.6387,0.5,,80 82 86 90 98 89 34 29 27 62,TLGLLQSFPK,HCD
2,9943,AK-172.raw,LLFVQK,6,68,6,374.2430,2,31.78,7.86E4,746.4691,3.2,,87 96 99 50 31 44,LLFVQK,HCD
2,14465,AK-172.raw,VVHVLFR,7,68,7,435.2745,2,43.61,1.02E5,868.5283,7.2,,23 28 48 89 94 96 98,VVHVLFR,HCD
2,8684,AK-172.raw,EFMEAVLANK,10,67,10,576.2905,2,28.89,1.59E5,1150.5691,-2.2,,76 57 37 56 41 51 97 94 72 93,EFMEAVLANK,HCD
2,10589,AK-172.raw,EVQLFFK,7,67,7,455.7552,2,33.29,5.5E4,909.4960,-0.2,,52 35 37 54 97 97 99,EVQLFFK,HCD
2,7731,AK-172.raw,STSSM(+15.99)SYC(+57.02)NR,10,67,10,604.7416,2,26.77,3.03E5,1207.4597,7.4,Oxidation (M); Carbamidomethylation,40 86 100 100 88 66 38 27 37 95,STSSM(+15.99)SYC(+57.02)NR,HCD
2,5155,AK-172.raw,LATYTYNPD,9,67,9,529.2438,2,20.61,6.46E4,1056.4763,-3.0,,98 98 99 95 40 32 34 32 79,LATYTYNPD,HCD
2,7291,AK-172.raw,QVAAGAVFPGK,11,67,11,522.7952,2,25.78,1.78E5,1043.5764,-0.5,,48 56 68 54 30 34 57 98 99 100 100,QVAAGAVFPGK,HCD
2,4619,AK-172.raw,TVVGLQSK,8,67,8,416.2500,2,19.21,2.63E6,830.4861,-0.8,,55 70 99 90 78 35 33 78,TVVGLQSK,HCD
2,4373,AK-172.raw,TSSSFAAM(+15.99)WK,10,67,10,566.2585,2,18.56,5.23E5,1130.5066,-3.6,Oxidation (M),90 93 100 99 98 55 34 27 27 51,TSSSFAAM(+15.99)WK,HCD
2,6175,AK-172.raw,AVVLSLVGHK,10,67,10,511.8212,2,23.19,7.65E4,1021.6284,-0.4,,54 77 100 99 97 49 31 35 48 82,AVVLSLVGHK,HCD
2,6641,AK-172.raw,FGPSVLR,7,67,7,388.2268,2,24.29,1.26E5,774.4388,0.3,,59 61 97 95 49 46 62,FGPSVLR,HCD
2,7303,AK-172.raw,PGTTAWVVAK,10,67,10,515.2896,2,25.80,2.99E5,1028.5654,-0.9,,30 34 62 78 97 97 96 44 46 85,PGTTAWVVAK,HCD
2,9707,AK-172.raw,LNLDKNVAK,9,67,9,507.8008,2,31.28,2.3E4,1013.5869,0.2,,96 90 98 99 43 30 33 41 72,LNLDKNVAK,HCD
2,10628,AK-172.raw,ALLDVELEHPK,11,67,11,632.3508,2,33.39,1.24E5,1262.6870,0.1,,57 74 90 99 98 99 96 50 12 18 44,ALLDVELEHPK,HCD
2,2468,AK-172.raw,SELN(+.98)NVKK,8,67,8,466.7560,2,13.05,3.46E4,931.4974,-0.1,Deamidation (NQ),43 65 98 95 40 40 67 85,SELN(+.98)NVKK,HCD
2,5639,AK-172.raw,KKKMKAVLTLK,11,67,11,644.4338,2,21.88,1.36E6,1286.8472,4.5,,21 31 45 56 85 57 54 98 99 99 89,KKKMKAVLTLK,HCD
2,3452,AK-172.raw,LLVQM(+15.99)EK,7,67,7,438.7466,2,16.02,2.34E5,875.4786,-0.1,Oxidation (M),100 99 70 34 32 54 79,LLVQM(+15.99)EK,HCD
2,7383,AK-172.raw,YTLQVMGK,8,67,8,470.2495,2,25.98,6.79E4,938.4896,-5.5,,81 70 43 22 34 92 93 98,YTLQVMGK,HCD
2,6837,AK-172.raw,LLETEC(+57.02)AARGSSK,13,66,13,711.3596,2,24.77,3.57E5,1420.6980,4.6,Carbamidomethylation,99 98 100 99 99 98 57 39 33 29 32 24 60,LLETEC(+57.02)AARGSSK,HCD
2,6657,AK-172.raw,LLELSYGR,8,66,8,475.7686,2,24.33,8.63E4,949.5233,-0.6,,96 95 99 96 48 30 21 46,LLELSYGR,HCD
2,7400,AK-172.raw,NVVDTLWR,8,66,8,501.7704,2,26.01,2.73E6,1001.5294,-3.1,,48 62 97 56 29 46 93 97,NVVDTLWR,HCD
2,9780,AK-172.raw,TSGM(+15.99)C(+57.02)C(+57.02)DVLLSPNK,14,66,14,533.2359,3,31.43,2.82E6,1596.6946,-5.5,Oxidation (M); Carbamidomethylation,38 34 33 32 32 39 60 74 90 99 99 98 98 100,TSGM(+15.99)C(+57.02)C(+57.02)DVLLSPNK,HCD
2,3818,AK-172.raw,LSSPAARTKD,10,66,10,523.2853,2,17.04,1.44E7,1044.5564,-0.4,,92 97 97 99 99 54 27 21 21 54,LSSPAARTKD,HCD
2,7962,AK-172.raw,WEDPSVGQR,9,66,9,537.2537,2,27.28,4.22E5,1072.4937,-0.8,,85 83 81 40 55 97 49 29 75,WEDPSVGQR,HCD
2,3975,AK-172.raw,DVPELGAGVGK,11,66,11,521.2823,2,17.48,7.17E5,1040.5502,-0.1,,73 77 99 99 97 45 41 29 29 39 97,DVPELGAGVGK,HCD
2,9685,AK-172.raw,LALC(+57.02)FTVNK,9,66,9,533.2926,2,31.23,7.93E4,1064.5688,1.7,Carbamidomethylation,100 100 99 68 51 44 35 33 63,LALC(+57.02)FTVNK,HCD
2,6790,AK-172.raw,QVLSVAYK,8,66,8,454.2660,2,24.65,1.46E6,906.5175,0.0,,39 55 97 60 57 90 72 57,QVLSVAYK,HCD
2,8958,AK-172.raw,RMPGMDVLLSPNK,13,66,13,729.3876,2,29.51,9.86E5,1456.7529,5.3,,38 34 95 79 61 76 65 76 77 91 28 45 93,RMPGMDVLLSPNK,HCD
2,9502,AK-172.raw,LLLLLEK,7,66,7,421.2908,2,30.86,1.01E5,840.5684,-1.7,,27 27 59 97 99 93 60,LLLLLEK,HCD
2,8024,AK-172.raw,STVSLAFGDLNR,12,66,12,640.3351,2,27.42,1.01E6,1278.6567,-0.8,,74 81 99 99 99 98 45 24 32 25 33 77,STVSLAFGDLNR,HCD
2,9477,AK-172.raw,FALGTVLMK,9,65,9,490.2838,2,30.80,2.83E5,978.5572,-4.3,,86 90 99 73 57 40 40 21 84,FALGTVLMK,HCD
2,6402,AK-172.raw,LELSSC(+57.02)SSHD,10,65,10,567.7402,2,23.73,5.53E4,1133.4658,0.0,Carbamidomethylation,98 99 99 88 81 56 34 27 14 60,LELSSC(+57.02)SSHD,HCD
2,7487,AK-172.raw,C(+57.02)PVELPPLR,9,65,9,540.7971,2,26.23,5.56E5,1079.5796,0.0,Carbamidomethylation,57 59 99 99 99 68 37 29 44,C(+57.02)PVELPPLR,HCD
2,7523,AK-172.raw,VELKVVVND,9,65,9,507.7954,2,26.32,5.79E5,1013.5757,0.5,,97 98 99 88 63 34 27 24 59,VELKVVVND,HCD
2,6514,AK-172.raw,SVEDYGPDAR,10,65,10,554.7497,2,23.98,7.79E4,1107.4832,1.5,,56 61 98 91 33 21 29 96 80 86,SVEDYGPDAR,HCD
2,6137,AK-172.raw,KLQNELTLTK,10,65,10,594.3530,2,23.10,1.23E6,1186.6921,-0.6,,32 25 25 34 76 80 89 98 100 93,KLQNELTLTK,HCD
2,8336,AK-172.raw,AFALVVVDGK,10,65,10,509.8017,2,28.08,1.12E5,1017.5858,3.0,,46 97 100 100 93 80 39 31 19 48,AFALVVVDGK,HCD
2,7743,AK-172.raw,VNVHKESR,8,65,8,484.7696,2,26.80,2.3E6,967.5199,4.8,,55 63 98 30 31 55 92 97,VNVHKESR,HCD
2,9721,AK-172.raw,WQHRNTGK,8,65,8,513.7625,2,31.31,7.62E4,1025.5155,-4.9,,95 70 21 27 37 75 96 99,WQHRNTGK,HCD
2,7140,AK-172.raw,WGYVDMTKVDGALAK,15,65,15,551.9438,3,25.43,5.21E5,1652.8232,-8.3,,81 59 62 44 61 94 98 96 46 44 21 28 46 96 99,WGYVDMTKVDGALAK,HCD
2,3921,AK-172.raw,ELVHVFK,7,65,7,436.2533,2,17.32,5.86E4,870.4963,-4.9,,78 66 70 35 51 63 91,ELVHVFK,HCD
2,6534,AK-172.raw,DGMGM(+15.99)M(+15.99)M(+15.99)VTLK,11,65,11,421.1801,3,24.02,4.56E5,1260.5222,-3.1,Oxidation (M),48 39 44 41 41 55 75 89 97 97 86,DGMGM(+15.99)M(+15.99)M(+15.99)VTLK,HCD
2,6828,AK-172.raw,GPTLLHKSK,9,65,9,490.7983,2,24.75,8.08E4,979.5814,0.6,,79 84 98 99 99 37 27 21 41,GPTLLHKSK,HCD
2,8266,AK-172.raw,LQ(+.98)VLAAGTLQD,11,65,11,565.3079,2,27.93,9.42E5,1128.6025,-1.1,Deamidation (NQ),99 99 100 99 75 45 30 31 31 32 72,LQ(+.98)VLAAGTLQD,HCD
2,6393,AK-172.raw,DVADNYMLK,9,64,9,534.7549,2,23.71,6.17E5,1067.4956,-0.4,,80 60 39 39 41 94 49 79 100,DVADNYMLK,HCD
2,7305,AK-172.raw,ATVVLLLER,9,64,9,507.3206,2,25.81,6.67E4,1012.6281,-1.4,,56 65 90 99 99 59 32 35 45,ATVVLLLER,HCD
2,4006,AK-172.raw,KVLLWK,6,64,6,393.7652,2,17.56,2.63E4,785.5163,-0.7,,70 65 77 71 48 57,KVLLWK,HCD
2,10982,AK-172.raw,ADETWFLSK,9,64,9,548.7684,2,34.23,1.82E6,1095.5237,-1.2,,30 50 95 40 38 91 98 79 57,ADETWFLSK,HCD
2,4276,AK-172.raw,VLEAC(+57.02)K,6,64,6,360.1918,2,18.29,3.5E4,718.3683,0.9,Carbamidomethylation,88 34 49 44 72 100,VLEAC(+57.02)K,HCD
2,8289,AK-172.raw,TADGNYGGRSKGYEELQLTAGR,22,64,22,781.7214,3,27.98,6.76E5,2342.1250,7.5,,44 41 65 46 31 27 23 18 24 88 59 60 97 99 98 92 63 86 97 97 69 90,TADGNYGGRSKGYEELQLTAGR,HCD
2,5874,AK-172.raw,AVLTPELNR,9,64,9,506.7932,2,22.47,1.64E5,1011.5713,0.6,,39 52 87 99 95 49 29 34 95,AVLTPELNR,HCD
2,6378,AK-172.raw,LATYDSHHD,9,64,9,529.7357,2,23.67,8.63E4,1057.4465,9.8,,100 100 99 96 61 31 15 14 62,LATYDSHHD,HCD
2,7851,AK-172.raw,NFLLPWK,7,64,7,459.2646,2,27.03,4.02E4,916.5170,-2.7,,52 77 100 98 38 32 51,NFLLPWK,HCD
2,8182,AK-172.raw,VLDELTLTK,9,64,9,516.3029,2,27.75,,1030.5911,0.2,,96 94 95 57 44 55 56 30 49,VLDELTLTK,HCD
2,5880,AK-172.raw,AFDVFK,6,64,6,363.6943,2,22.48,1.93E5,725.3748,-1.1,,87 26 35 38 97 99,AFDVFK,HCD
2,7187,AK-172.raw,LAGLLVGR,8,63,8,399.7636,2,25.53,9.75E4,797.5123,0.6,,100 99 86 75 49 32 21 44,LAGLLVGR,HCD
2,6865,AK-172.raw,FLAYDDR,7,63,7,450.2167,2,24.83,1.13E5,898.4185,0.4,,63 59 40 30 55 98 98,FLAYDDR,HCD
2,8256,AK-172.raw,TGALLTEGTLLQEAGGTK,18,63,18,587.3243,3,27.91,4.46E5,1758.9363,8.4,,49 39 46 39 35 40 75 95 98 99 98 95 98 45 32 37 39 79,TGALLTEGTLLQEAGGTK,HCD
2,3754,AK-172.raw,EQLAELNR,8,63,8,486.7593,2,16.86,3.14E4,971.5036,0.5,,39 37 97 98 93 38 31 74,EQLAELNR,HCD
2,11724,AK-172.raw,DVNPLQQSLSDEAQR,15,63,15,850.4166,2,36.06,1.13E6,1698.8171,0.9,,44 31 37 41 72 93 93 98 99 99 98 48 24 25 46,DVNPLQQSLSDEAQR,HCD
2,8031,AK-172.raw,SVEDWASHK,9,63,9,529.7494,2,27.44,3.6E5,1057.4829,1.2,,68 72 99 99 95 41 31 14 49,SVEDWASHK,HCD
2,10463,AK-172.raw,LALLSRER,8,63,8,479.2988,2,32.97,5.42E4,956.5767,6.6,,81 90 100 97 35 22 33 45,LALLSRER,HCD
2,7299,AK-172.raw,HVLNLLELK,9,63,9,360.2251,3,25.80,8.36E4,1077.6545,-0.9,,22 44 63 59 67 54 63 96 99,HVLNLLELK,HCD
2,12247,AK-172.raw,ETQWWVGLMR,10,63,10,653.3250,2,37.45,2.74E6,1304.6335,1.5,,55 43 86 94 95 97 45 33 20 61,ETQWWVGLMR,HCD
2,8197,AK-172.raw,EDSC(+57.02)M(+15.99)AAGEAYVLSSR,16,63,16,587.9130,3,27.79,1.06E6,1760.7346,-9.9,Carbamidomethylation; Oxidation (M),49 41 37 34 37 41 37 29 50 54 97 99 100 100 100 100,EDSC(+57.02)M(+15.99)AAGEAYVLSSR,HCD
2,7784,AK-172.raw,VALVPVVK,8,63,8,412.7834,2,26.88,1.38E5,823.5531,-0.9,,45 59 96 90 59 54 54 46,VALVPVVK,HCD
2,9298,AK-172.raw,LVLLLARD,8,62,8,456.7974,2,30.34,1.09E5,911.5804,-0.1,,44 89 100 99 59 30 22 59,LVLLLARD,HCD
2,8226,AK-172.raw,NVLPAPFSR,9,62,9,500.7823,2,27.84,1.43E5,999.5501,0.0,,46 68 100 99 59 26 28 40 96,NVLPAPFSR,HCD
2,11080,AK-172.raw,LVLVDDLC(+57.02)FR,10,62,10,625.3342,2,34.46,6.7E4,1248.6536,0.3,Carbamidomethylation,43 84 99 98 89 82 40 22 23 45,LVLVDDLC(+57.02)FR,HCD
2,11221,AK-172.raw,LPGGLAAK,8,62,8,363.7288,2,34.79,7.24E4,725.4435,-0.8,,92 40 52 60 72 71 56 54,LPGGLAAK,HCD
2,8162,AK-172.raw,LLAYEVLK,8,62,8,474.7923,2,27.71,1.06E5,947.5692,0.9,,90 80 43 23 37 48 86 94,LLAYEVLK,HCD
2,7316,AK-172.raw,LPEFN(+.98)KPK,8,62,8,487.2715,2,25.83,1.08E5,972.5280,0.5,Deamidation (NQ),96 96 99 85 37 25 18 45,LPEFN(+.98)KPK,HCD
2,10054,AK-172.raw,VVTHVRHSK,9,62,9,531.8130,2,32.03,2.26E5,1061.6094,1.9,,98 96 73 17 23 31 49 82 93,VVTHVRHSK,HCD
2,7430,AK-172.raw,LYEDM(+15.99)KGK,8,62,8,500.2429,2,26.08,5.37E4,998.4742,-3.1,Oxidation (M),98 97 98 56 32 34 28 54,LYEDM(+15.99)KGK,HCD
2,5164,AK-172.raw,VGATVLSPR,9,62,9,450.2689,2,20.63,8.75E5,898.5236,-0.5,,57 66 99 98 96 45 31 23 44,VGATVLSPR,HCD
2,8762,AK-172.raw,LAGQVSLWR,9,62,9,515.2957,2,29.09,6.47E5,1028.5767,0.2,,33 38 45 92 96 90 38 35 91,LAGQVSLWR,HCD
2,5539,AK-172.raw,AVTLLGK,7,62,7,351.2309,2,21.61,9.7E4,700.4483,-1.5,,35 38 56 71 98 79 57,AVTLLGK,HCD
2,5706,AK-172.raw,LLEC(+57.02)C(+57.02)C(+57.02)LD,8,62,8,541.7196,2,22.06,5.06E4,1081.4243,0.3,Carbamidomethylation,88 86 99 81 38 25 24 55,LLEC(+57.02)C(+57.02)C(+57.02)LD,HCD
2,8087,AK-172.raw,MGLM(+15.99)HHR,7,62,7,449.2114,2,27.55,,896.4109,-3.1,Oxidation (M),78 19 28 41 79 90 99,MGLM(+15.99)HHR,HCD
2,6733,AK-172.raw,LSGLLC(+57.02)M(+15.99)SKR,10,62,10,590.8137,2,24.50,1.28E5,1179.6104,2.0,Carbamidomethylation; Oxidation (M),98 97 79 84 97 46 29 24 24 44,LSGLLC(+57.02)M(+15.99)SKR,HCD
2,9363,AK-172.raw,PLELPTFK,8,62,8,472.7767,2,30.51,5.53E4,943.5378,1.0,,93 95 67 44 38 51 55 51,PLELPTFK,HCD
2,8486,AK-172.raw,LNDLEN(+.98)ALQQAK,12,62,12,679.3508,2,28.43,3.15E7,1356.6885,-1.1,Deamidation (NQ),39 43 89 99 99 96 45 39 62 32 35 65,LNDLEN(+.98)ALQQAK,HCD
2,5751,AK-172.raw,EAVFLK,6,62,6,353.7106,2,22.17,4.89E4,705.4061,0.8,,49 27 38 72 97 88,EAVFLK,HCD
2,6216,AK-172.raw,EAC(+57.02)M(+15.99)C(+57.02)M(+15.99)VTLK,10,62,10,425.5107,3,23.28,3.53E4,1273.5176,-5.9,Carbamidomethylation; Oxidation (M),48 26 30 32 44 57 95 97 98 90,EAC(+57.02)M(+15.99)C(+57.02)M(+15.99)VTLK,HCD
2,8116,AK-172.raw,LSFYLTTGKD,10,61,10,572.7980,2,27.61,5.19E4,1143.5811,0.3,,60 66 97 99 98 57 34 21 24 59,LSFYLTTGKD,HCD
2,7040,AK-172.raw,LLGLMNGSK,9,61,9,466.7628,2,25.23,3.08E4,931.5161,-5.5,,100 98 81 50 22 35 37 49 82,LLGLMNGSK,HCD
2,4349,AK-172.raw,FGSSSVTTAR,10,61,10,506.7565,2,18.49,1.42E5,1011.4985,0.0,,27 24 52 99 99 97 50 31 39 95,FGSSSVTTAR,HCD
2,7570,AK-172.raw,SVGEDADVAAAK,12,61,12,566.7721,2,26.42,3.46E5,1131.5408,-9.8,,31 41 59 98 96 30 35 44 48 57 96 99,SVGEDADVAAAK,HCD
2,6108,AK-172.raw,C(+57.02)GWDESGPLVSHR,13,61,13,750.3400,2,23.03,4.97E5,1498.6624,2.0,Carbamidomethylation,25 21 38 79 90 99 98 46 35 28 45 95 100,C(+57.02)GWDESGPLVSHR,HCD
2,9138,AK-172.raw,FVTLLAPR,8,61,8,458.7841,2,29.94,5.77E4,915.5541,-0.6,,59 66 98 98 63 39 21 45,FVTLLAPR,HCD
2,7264,AK-172.raw,C(+57.02)PVELPPLR,9,61,9,540.7964,2,25.72,5.56E5,1079.5796,-1.2,Carbamidomethylation,40 37 97 100 99 74 35 27 41,C(+57.02)PVELPPLR,HCD
2,7978,AK-172.raw,LVELQGLADQSKR,13,61,13,728.9096,2,27.32,1.6E5,1455.8044,0.2,,66 60 78 63 90 97 98 96 46 21 21 21 39,LVELQGLADQSKR,HCD
2,9958,AK-172.raw,DNAELELLNR,10,61,10,593.8082,2,31.81,4.85E4,1185.5989,2.6,,49 44 80 90 98 97 40 25 23 66,DNAELELLNR,HCD
2,7729,AK-172.raw,KSLDSVQER,9,61,9,531.2850,2,26.77,,1060.5513,4.0,,46 55 98 99 71 30 21 38 92,KSLDSVQER,HCD
2,9182,AK-172.raw,LVLSDTAFKR,10,61,10,575.3350,2,30.04,7.58E4,1148.6553,0.1,,96 100 100 98 55 31 31 27 27 48,LVLSDTAFKR,HCD
2,7546,AK-172.raw,VLLADDTTLK,10,61,10,544.8138,2,26.37,1.02E5,1087.6125,0.5,,99 97 59 32 51 96 62 40 28 44,VLLADDTTLK,HCD
2,6651,AK-172.raw,NTPMAVWR,8,61,8,487.7474,2,24.31,1.24E5,973.4803,0.0,,40 55 98 95 41 29 35 93,NTPMAVWR,HCD
2,11750,AK-172.raw,NSLQLQQSLSN(+.98)EAQR,15,61,15,858.9297,2,36.13,1.4E5,1715.8438,0.7,Deamidation (NQ),31 30 34 31 41 88 93 97 98 96 82 48 28 40 78,NSLQLQQSLSN(+.98)EAQR,HCD
2,4066,AK-172.raw,LAEVAQDRQD,10,61,10,572.7836,2,17.73,7.96E4,1143.5520,0.5,,99 99 100 99 41 28 38 22 25 60,LAEVAQDRQD,HCD
2,4529,AK-172.raw,ATLVEEKLR,9,61,9,353.5449,3,18.95,1.26E5,1057.6130,-0.3,,32 31 41 52 98 97 48 52 96,ATLVEEKLR,HCD
2,5446,AK-172.raw,LAMTGSPR,8,61,8,416.7245,2,21.35,7.33E4,831.4272,8.8,,85 86 98 81 43 33 19 43,LAMTGSPR,HCD
2,4758,AK-172.raw,ALSYLLNQTR,10,61,10,589.8289,2,19.60,9.4E4,1177.6455,-2.0,,77 75 70 69 95 39 25 23 39 97,ALSYLLNQTR,HCD
2,4414,AK-172.raw,KTYEKLLQED,10,61,10,633.8378,2,18.66,1.96E5,1265.6504,8.4,,81 76 97 96 38 37 40 23 39 79,KTYEKLLQED,HCD
2,4424,AK-172.raw,KGPYETTVALR,11,60,11,412.2308,3,18.68,4.01E6,1233.6716,-0.9,,49 23 25 31 48 40 65 99 99 98 90,KGPYETTVALR,HCD
2,8263,AK-172.raw,KSTLHPEWFAK,11,60,11,448.5754,3,27.92,8.43E5,1342.7034,0.8,,48 37 41 34 14 28 84 83 98 99 100,KSTLHPEWFAK,HCD
2,7388,AK-172.raw,STSSFETTSM(+15.99)D,11,60,11,604.7374,2,25.99,2.69E5,1207.4551,4.3,Oxidation (M),34 79 99 98 96 54 31 31 38 46 61,STSSFETTSM(+15.99)D,HCD
2,11824,AK-172.raw,LPTLAFLLKD,10,60,10,565.8496,2,36.33,1.82E5,1129.6746,8.9,,52 55 98 98 97 54 37 26 24 62,LPTLAFLLKD,HCD
2,6439,AK-172.raw,FSSTASALTGVQNK,14,60,14,705.8647,2,23.82,3.29E5,1409.7151,-0.1,,34 35 54 95 99 99 99 99 88 27 23 22 24 48,FSSTASALTGVQNK,HCD
2,8015,AK-172.raw,VSLDLSLK,8,60,8,437.7657,2,27.40,1.09E6,873.5171,-0.2,,97 89 85 40 26 34 59 52,VSLDLSLK,HCD
2,9406,AK-172.raw,HMNADLDVAR,10,60,10,571.2777,2,30.62,1.03E5,1140.5347,5.4,,11 13 35 71 98 98 97 35 46 98,HMNADLDVAR,HCD
2,11881,AK-172.raw,ADQ(+.98)EWFFTK,9,60,9,586.7663,2,36.50,3.3E6,1171.5186,-0.4,Deamidation (NQ),22 41 72 98 67 62 50 50 79,ADQ(+.98)EWFFTK,HCD
2,8672,AK-172.raw,TGGGPLGSAAPNK,13,60,13,563.7997,2,28.86,1.57E5,1125.5779,6.3,,27 23 41 68 86 99 60 50 59 51 43 77 100,TGGGPLGSAAPNK,HCD
2,9850,AK-172.raw,LEGHNLDVELGGGEKFLNAGR,21,60,21,742.3788,3,31.58,2.44E7,2224.1235,-4.0,,40 41 34 22 35 44 63 68 61 68 99 100 99 98 66 48 41 33 44 66 92,LEGHNLDVELGGGEKFLNAGR,HCD
2,7355,AK-172.raw,ALDLVAR,7,60,7,379.2294,2,25.92,7.81E4,756.4493,-6.6,,44 55 98 89 52 37 46,ALDLVAR,HCD
2,7476,AK-172.raw,LVVC(+57.02)VQGYK,9,60,9,533.2940,2,26.20,5.84E4,1064.5688,4.3,Carbamidomethylation,85 85 90 34 22 25 37 72 90,LVVC(+57.02)VQGYK,HCD
2,6838,AK-172.raw,HGRFGK,6,60,6,351.1945,2,24.77,2.4E5,700.3769,-3.3,,10 29 51 82 90 98,HGRFGK,HCD
2,4482,AK-172.raw,SVEDAETLLD,10,60,10,546.2594,2,18.83,6.75E5,1090.5029,1.2,,50 56 98 97 30 31 29 57 67 84,SVEDAETLLD,HCD
2,4153,AK-172.raw,QYRKTHVVR,9,60,9,593.8380,2,17.97,4.04E5,1185.6731,-9.9,,31 38 92 93 86 44 48 30 79,QYRKTHVVR,HCD
2,10992,AK-172.raw,ALAGEKVGLPR,11,60,11,555.8296,2,34.26,7.1E4,1109.6555,-9.8,,82 86 97 45 41 24 27 40 73 60 82,ALAGEKVGLPR,HCD
2,5624,AK-172.raw,ASFLANVK,8,60,8,425.2446,2,21.84,9.64E4,848.4756,-1.0,,55 70 99 98 39 27 28 63,ASFLANVK,HCD
2,7722,AK-172.raw,DMGNGDYELDAVK,13,60,13,476.2056,3,26.76,4.71E4,1425.6082,-9.3,,37 17 30 31 27 60 95 98 97 97 37 54 99,DMGNGDYELDAVK,HCD
2,10319,AK-172.raw,DQFPNFLMNC(+57.02)R,11,60,11,721.3236,2,32.61,2.04E5,1440.6279,3.3,Carbamidomethylation,34 35 80 98 97 95 97 24 23 25 50,DQFPNFLMNC(+57.02)R,HCD
2,8074,AK-172.raw,GPSVFPLAKGVD,12,60,12,593.8260,2,27.52,5.57E5,1185.6394,-1.7,,40 57 95 98 96 46 61 95 43 18 19 50,GPSVFPLAKGVD,HCD
2,7335,AK-172.raw,EGM(+15.99)WLR,6,60,6,404.1915,2,25.87,5.35E4,806.3745,-7.5,Oxidation (M),60 31 33 41 96 98,EGM(+15.99)WLR,HCD
2,7572,AK-172.raw,WDEAEVN(+.98)AR,9,60,9,545.7420,2,26.42,4.92E5,1089.4727,-2.9,Deamidation (NQ),52 29 38 26 45 93 96 76 82,WDEAEVN(+.98)AR,HCD
2,5143,AK-172.raw,SVEN(+.98)LELN(+.98)AD,10,60,10,553.2495,2,20.58,7.49E4,1104.4822,2.1,Deamidation (NQ),66 70 99 97 44 37 27 27 49 84,SVEN(+.98)LELN(+.98)AD,HCD
2,9194,AK-172.raw,NGVVGPKNSR,10,60,10,514.2874,2,30.08,5.84E5,1026.5570,3.2,,49 60 90 99 68 32 30 29 46 95,NGVVGPKNSR,HCD
2,4367,AK-172.raw,ESKNLLSELNR,11,60,11,434.9044,3,18.54,1.37E5,1301.6938,-2.0,,34 22 25 25 35 68 97 98 95 63 94,ESKNLLSELNR,HCD
2,4459,AK-172.raw,QPC(+57.02)DAEEVALR,11,60,11,429.8685,3,18.77,2.66E5,1286.5925,-6.8,Carbamidomethylation,39 34 37 41 29 40 56 94 98 99 89,QPC(+57.02)DAEEVALR,HCD
2,5009,AK-172.raw,VFETLK,6,60,6,368.7156,2,20.22,7.41E4,735.4167,0.0,,23 23 52 82 90 86,VFETLK,HCD
2,9322,AK-172.raw,DNLPSMNRGLSNPK,14,60,14,771.8859,2,30.40,8.56E5,1541.7620,-3.1,,30 22 46 80 85 79 88 35 40 94 94 35 30 75,DNLPSMNRGLSNPK,HCD
2,8656,AK-172.raw,LNVVDLVGR,9,60,9,492.7955,2,28.82,8.12E4,983.5764,0.0,,35 45 99 99 98 52 37 27 45,LNVVDLVGR,HCD
2,6156,AK-172.raw,LTVGC(+57.02)SC(+57.02)QALK,11,60,11,618.8077,2,23.14,,1235.6001,0.6,Carbamidomethylation,88 85 96 49 43 54 68 43 28 37 69,LTVGC(+57.02)SC(+57.02)QALK,HCD
2,9276,AK-172.raw,AVLLLEGKGR,10,59,10,528.3325,2,30.29,1.43E5,1054.6499,0.4,,46 71 100 99 46 34 21 28 54 97,AVLLLEGKGR,HCD
2,3773,AK-172.raw,AQYEEKSPR,9,59,9,554.2750,2,16.91,7.09E5,1106.5356,-0.1,,61 51 98 99 98 39 27 20 44,AQYEEKSPR,HCD
2,7982,AK-172.raw,DQLVDLLSEQR,11,59,11,658.3460,2,27.33,3.05E5,1314.6780,-0.4,,33 49 100 99 98 93 39 30 34 25 54,DQLVDLLSEQR,HCD
2,4175,AK-172.raw,MRPAESLSR,9,59,9,523.7767,2,18.03,1.31E6,1045.5339,4.6,,32 51 96 96 45 22 38 71 86,MRPAESLSR,HCD
2,7758,AK-172.raw,LADTVVGDLR,10,59,10,529.7955,2,26.83,3.43E4,1057.5767,-0.1,,95 95 86 40 29 26 20 44 75 85,LADTVVGDLR,HCD
2,6147,AK-172.raw,LLLYSTQR,8,59,8,497.2908,2,23.12,2.89E4,992.5655,1.5,,59 98 100 96 37 24 21 41,LLLYSTQR,HCD
2,11140,AK-172.raw,DVPNSLELVR,10,59,10,571.3087,2,34.60,1.66E7,1140.6138,-9.7,,27 22 27 40 65 84 85 71 79 92,DVPNSLELVR,HCD
2,10636,AK-172.raw,DQSAATYAHKVHR,13,59,13,742.3801,2,33.41,4.81E5,1482.7327,8.7,,40 31 41 56 98 99 99 97 29 29 29 27 96,DQSAATYAHKVHR,HCD
2,6179,AK-172.raw,TC(+57.02)GDM(+15.99)M(+15.99)MVTLK,11,59,11,440.1880,3,23.19,1.8E6,1317.5437,-1.1,Carbamidomethylation; Oxidation (M),41 31 32 46 34 39 45 98 98 97 90,TC(+57.02)GDM(+15.99)M(+15.99)MVTLK,HCD
2,6221,AK-172.raw,RPVLKFR,7,59,7,458.2972,2,23.29,1.34E5,914.5814,-1.7,,50 38 43 37 51 98 99,RPVLKFR,HCD
2,8012,AK-172.raw,TAEELLARYD,10,59,10,394.1990,3,27.40,2.89E5,1179.5771,-1.6,,65 65 89 89 84 95 29 15 16 46,TAEELLARYD,HCD
2,9446,AK-172.raw,EYTVEVM(+15.99)K,8,59,8,507.7438,2,30.73,8.92E6,1013.4739,-0.9,Oxidation (M),55 50 94 45 39 37 68 85,EYTVEVM(+15.99)K,HCD
2,5948,AK-172.raw,LLMALR,6,59,6,358.7310,2,22.66,1.25E5,715.4415,8.4,,88 38 27 52 67 82,LLMALR,HCD
2,8701,AK-172.raw,QVDLEN(+.98)ALPVMK,12,59,12,679.3505,2,28.94,3.15E7,1356.6958,-6.9,Deamidation (NQ),29 49 88 85 98 96 95 48 21 25 20 57,QVDLEN(+.98)ALPVMK,HCD
2,7348,AK-172.raw,LALC(+57.02)M(+15.99)SLLD,9,59,9,526.2615,2,25.90,1.09E5,1050.5090,-0.6,Carbamidomethylation; Oxidation (M),100 99 99 54 30 27 30 29 65,LALC(+57.02)M(+15.99)SLLD,HCD
2,8018,AK-172.raw,QTTLLETHR,9,59,9,549.7997,2,27.41,6.37E5,1097.5830,1.8,,40 59 99 99 97 54 27 12 44,QTTLLETHR,HCD
2,10237,AK-172.raw,ASSNDDDSLLSGSVGNTR,18,59,18,897.9108,2,32.41,1.11E7,1793.8027,2.4,,31 29 32 26 34 41 63 81 100 100 100 97 49 43 44 46 61 85,ASSNDDDSLLSGSVGNTR,HCD
2,3852,AK-172.raw,VLPKHTR,7,59,7,425.7656,2,17.13,5.54E4,849.5184,-2.1,,98 98 74 48 19 29 46,VLPKHTR,HCD
2,6658,AK-172.raw,PTLGKSVPR,9,59,9,477.7901,2,24.33,6.75E4,953.5658,-0.1,,100 100 99 62 39 31 30 21 46,PTLGKSVPR,HCD
2,4278,AK-172.raw,SYLDQVK,7,59,7,426.7264,2,18.29,5.15E4,851.4388,-0.6,,85 82 94 46 26 28 51,SYLDQVK,HCD
2,7206,AK-172.raw,PLEAALNYR,9,59,9,523.7864,2,25.58,5.06E4,1045.5557,2.4,,99 99 99 54 33 34 31 28 50,PLEAALNYR,HCD
2,10974,AK-172.raw,EFN(+.98)LGMVPR,9,59,9,532.2639,2,34.22,1.36E5,1062.5168,-3.5,Deamidation (NQ),55 50 97 98 49 21 31 33 95,EFN(+.98)LGMVPR,HCD
2,13786,AK-172.raw,AWDLLK,6,59,6,373.2128,2,41.75,1.73E6,744.4170,-8.0,,21 19 45 83 91 91,AWDLLK,HCD
2,9398,AK-172.raw,AFYVNVLLPPSM(+15.99)D,13,58,13,741.3727,2,30.60,1.37E5,1480.7271,2.6,Oxidation (M),66 80 96 90 70 91 96 52 21 14 19 24 43,AFYVNVLLPPSM(+15.99)D,HCD
2,12648,AK-172.raw,ESSTDGTAVVAMR,13,58,13,441.8761,3,38.54,2.36E5,1322.6135,-5.3,,72 56 52 31 35 24 27 43 94 63 66 96 99,ESSTDGTAVVAMR,HCD
2,7772,AK-172.raw,AAAPM(+15.99)QR,7,58,7,380.6918,2,26.86,2.33E5,759.3698,-0.9,Oxidation (M),29 32 52 76 73 62 85,AAAPM(+15.99)QR,HCD
2,9606,AK-172.raw,PFPLNQDLLQR,11,58,11,670.8708,2,31.07,2.75E5,1339.7249,1.7,,49 63 98 97 41 38 93 41 27 30 66,PFPLNQDLLQR,HCD
2,14680,AK-172.raw,TLSVLLR,7,58,7,401.2639,2,44.22,4.12E4,800.5120,1.5,,25 28 34 51 88 92 90,TLSVLLR,HCD
2,9759,AK-172.raw,PSC(+57.02)QRPSMDVLLSPNK,16,58,16,914.9569,2,31.39,7.78E5,1827.8972,1.1,Carbamidomethylation,19 27 35 23 29 95 95 88 62 54 91 95 90 24 32 76,PSC(+57.02)QRPSMDVLLSPNK,HCD
2,5542,AK-172.raw,SVENWAVNR,9,58,9,537.7701,2,21.62,7.16E4,1073.5254,0.3,,61 65 98 94 81 34 26 22 41,SVENWAVNR,HCD
2,8295,AK-172.raw,DVGFALTDVGFLSK,14,58,14,490.2592,3,27.99,,1467.7610,-3.6,,49 40 55 60 50 40 41 95 40 32 94 97 69 49,DVGFALTDVGFLSK,HCD
2,6068,AK-172.raw,YTHAFRTQR,9,58,9,393.8702,3,22.94,3.88E5,1178.5945,-4.7,,38 35 27 45 44 49 94 94 97,YTHAFRTQR,HCD
2,6357,AK-172.raw,LLWYGPK,7,58,7,438.7511,2,23.62,5.95E5,875.4905,-3.2,,89 86 97 39 24 23 49,LLWYGPK,HCD
2,3433,AK-172.raw,LRATLLR,7,58,7,421.7816,2,15.97,6.76E4,841.5497,-1.2,,57 45 39 31 48 88 100,LRATLLR,HCD
2,13294,AK-172.raw,TRVPLK,6,58,6,357.2355,2,40.34,1.22E7,712.4595,-4.3,,55 41 57 68 71 55,TRVPLK,HCD
2,7013,AK-172.raw,QVALMLR,7,58,7,415.7471,2,25.17,5.32E4,829.4844,-5.7,,35 40 56 59 38 78 99,QVALMLR,HCD
2,8240,AK-172.raw,M(+15.99)AAVMHVK,8,58,8,451.7358,2,27.87,7.36E4,901.4514,6.3,Oxidation (M),68 52 43 45 88 38 51 79,M(+15.99)AAVMHVK,HCD
2,8035,AK-172.raw,EELLVHGPD,9,58,9,504.7515,2,27.45,2.07E5,1007.4924,-3.9,,75 73 96 97 46 15 28 34 54,EELLVHGPD,HCD
2,6884,AK-172.raw,KTEQFQGVLMNTK,13,58,13,762.3985,2,24.87,2.76E5,1522.7812,0.8,,54 38 40 24 26 68 33 46 70 55 97 100 100,KTEQFQGVLMNTK,HCD
2,12635,AK-172.raw,ESSGMM(+15.99)TVVAMR,12,57,12,438.8708,3,38.51,1.02E5,1313.5779,9.6,Oxidation (M),67 49 55 43 25 29 35 86 54 55 94 99,ESSGMM(+15.99)TVVAMR,HCD
2,6527,AK-172.raw,SVEDMGASKR,10,57,10,540.2594,2,24.01,1.35E5,1078.5076,-3.1,,63 72 99 98 32 27 27 25 35 94,SVEDMGASKR,HCD
2,8041,AK-172.raw,LAVLALTK,8,57,8,414.7810,2,27.46,2.43E5,827.5480,-0.6,,79 73 73 59 48 50 34 40,LAVLALTK,HCD
2,8040,AK-172.raw,RGVPAGQR,8,57,8,420.7441,2,27.45,2.56E6,839.4725,1.4,,48 60 79 49 40 33 54 99,RGVPAGQR,HCD
2,11016,AK-172.raw,LN(+.98)LLTN(+.98)LSR,9,57,9,523.2982,2,34.31,5.65E4,1044.5815,0.2,Deamidation (NQ),38 46 94 56 46 90 39 32 72,LN(+.98)LLTN(+.98)LSR,HCD
2,5881,AK-172.raw,NVVANSSRR,9,57,9,501.7720,2,22.48,6.84E5,1001.5366,-7.2,,46 72 99 54 24 26 38 57 97,NVVANSSRR,HCD
2,12473,AK-172.raw,LLEQAAPPK,9,57,9,483.7859,2,38.07,9.02E5,965.5545,2.9,,100 96 59 43 73 57 25 18 44,LLEQAAPPK,HCD
2,8085,AK-172.raw,NVVVEMPSR,9,57,9,515.7704,2,27.55,1.71E5,1029.5277,-1.4,,34 45 73 39 35 21 67 98 99,NVVVEMPSR,HCD
2,14413,AK-172.raw,TLSVLLR,7,57,7,401.2619,2,43.46,4.42E2,800.5120,-3.5,,31 21 25 44 90 95 93,TLSVLLR,HCD
2,7084,AK-172.raw,SVGM(+15.99)MTGTQAD,11,57,11,371.8261,3,25.32,3.34E6,1112.4478,7.9,Oxidation (M),74 89 51 43 22 35 40 49 49 78 94,SVGM(+15.99)MTGTQAD,HCD
2,9098,AK-172.raw,LVFELYK,7,57,7,456.2652,2,29.84,4.73E4,910.5164,-0.6,,60 48 39 41 45 76 89,LVFELYK,HCD
2,7984,AK-172.raw,LYLGEVEK,8,57,8,475.7632,2,27.33,9.76E4,949.5120,-0.3,,94 90 61 35 41 28 45 59,LYLGEVEK,HCD
2,8297,AK-172.raw,EGEGAC(+57.02)MNEK,10,57,10,562.7232,2,27.99,4.79E5,1123.4275,3.9,Carbamidomethylation,45 34 79 48 32 30 21 80 97 99,EGEGAC(+57.02)MNEK,HCD
2,3990,AK-172.raw,TC(+57.02)TM(+15.99)WESR,8,56,8,362.8144,3,17.52,1.1E5,1085.4270,-5.2,Carbamidomethylation; Oxidation (M),45 26 29 26 34 96 98 99,TC(+57.02)TM(+15.99)WESR,HCD
2,12080,AK-172.raw,DPLALAPPMTK,11,56,11,577.3177,2,37.01,1.57E5,1152.6213,-0.3,,30 16 40 83 93 98 76 61 26 35 62,DPLALAPPMTK,HCD
2,4065,AK-172.raw,NTYEQLGYYSK,11,56,11,683.3234,2,17.73,7.76E5,1364.6248,5.4,,33 46 96 98 92 96 34 27 23 25 49,NTYEQLGYYSK,HCD
2,6574,AK-172.raw,VLLDQ(+.98)ALNR,9,56,9,521.7985,2,24.12,6.06E4,1041.5818,0.6,Deamidation (NQ),85 90 96 50 25 25 29 25 80,VLLDQ(+.98)ALNR,HCD
2,4428,AK-172.raw,KLYEAEPKTR,10,56,10,617.8428,2,18.69,1.87E6,1233.6716,-0.5,,95 94 99 98 38 37 20 21 21 40,KLYEAEPKTR,HCD
2,7904,AK-172.raw,KSRRELMSK,9,56,9,378.8818,3,27.15,1.07E5,1133.6338,-8.9,,49 37 24 19 40 94 72 82 90,KSRRELMSK,HCD
2,6207,AK-172.raw,LAM(+15.99)M(+15.99)C(+57.02)YD,7,56,7,468.1720,2,23.26,6.26E4,934.3235,6.4,Oxidation (M); Carbamidomethylation,95 95 66 35 25 24 54,LAM(+15.99)M(+15.99)C(+57.02)YD,HCD
2,10747,AK-172.raw,AVSLVLPELK,10,56,10,534.8364,2,33.68,1.81E5,1067.6589,-0.6,,33 33 45 59 95 96 40 55 56 49,AVSLVLPELK,HCD
2,7117,AK-172.raw,LLASTKED,8,56,8,438.7362,2,25.38,1.53E5,875.4600,-2.3,,99 97 56 37 31 30 38 61,LLASTKED,HCD
2,6633,AK-172.raw,LLEEYKVVVNK,11,56,11,667.3898,2,24.27,1.53E5,1332.7651,-0.1,,100 100 99 63 41 43 35 28 23 27 57,LLEEYKVVVNK,HCD
2,9434,AK-172.raw,LTYLPYVVK,9,56,9,548.3256,2,30.69,1.02E5,1094.6375,-0.8,,82 85 97 92 29 23 26 27 43,LTYLPYVVK,HCD
2,9762,AK-172.raw,N(+.98)PALPVRYR,9,56,9,543.8051,2,31.40,2.5E5,1085.5981,-2.3,Deamidation (NQ),62 74 100 100 55 27 21 22 46,N(+.98)PALPVRYR,HCD
2,9150,AK-172.raw,LVVEQLALAK,10,56,10,542.3420,2,29.97,1.02E5,1082.6699,-0.4,,87 88 98 89 35 32 33 31 23 44,LVVEQLALAK,HCD
2,7578,AK-172.raw,TSSYFRAVD,9,56,9,523.2520,2,26.44,2.67E5,1044.4875,1.8,,61 77 98 92 38 24 27 27 61,TSSYFRAVD,HCD
2,12337,AK-172.raw,WTLTDEYVKPR,11,56,11,704.3616,2,37.68,7.97E5,1406.7195,-7.7,,34 44 84 99 99 96 41 31 25 20 44,WTLTDEYVKPR,HCD
2,8115,AK-172.raw,FLSSSSDAK,9,56,9,471.2350,2,27.61,1.13E5,940.4501,5.6,,44 52 76 78 72 62 45 24 50,FLSSSSDAK,HCD
2,12214,AK-172.raw,WGDVTVPR,8,56,8,465.2476,2,37.38,1.42E6,928.4766,4.4,,27 20 48 88 45 49 87 85,WGDVTVPR,HCD
2,7780,AK-172.raw,VNVDGKQSR,9,56,9,501.7719,2,26.88,5.73E5,1001.5254,3.9,,33 40 72 61 31 32 40 94 99,VNVDGKQSR,HCD
2,6529,AK-172.raw,SYLTEWPR,8,56,8,526.2659,2,24.01,5.63E4,1050.5134,3.6,,41 46 90 30 33 39 77 90,SYLTEWPR,HCD
2,8488,AK-172.raw,AVC(+57.02)LPDWPAR,10,56,10,592.7994,2,28.44,2.57E5,1183.5808,2.9,Carbamidomethylation,27 27 54 96 96 48 24 24 67 96,AVC(+57.02)LPDWPAR,HCD
2,3495,AK-172.raw,FADKQPD,7,56,7,410.6983,2,16.14,7.56E4,819.3762,7.2,,94 21 38 77 33 41 87,FADKQPD,HCD
2,10915,AK-172.raw,PATMVVTLAD,10,56,10,509.2672,2,34.07,3.27E5,1016.5212,-1.3,,44 55 73 63 74 66 46 35 33 68,PATMVVTLAD,HCD
2,5012,AK-172.raw,VTPPLVK,7,56,7,377.2464,2,20.23,4.2E5,752.4796,-1.8,,45 60 96 60 46 32 49,VTPPLVK,HCD
2,6314,AK-172.raw,QSAEQDVFTLK,11,56,11,633.3222,2,23.51,2.22E7,1264.6299,0.0,,39 68 97 97 37 37 35 41 44 41 75,QSAEQDVFTLK,HCD
2,10111,AK-172.raw,PQLLVVEDD,9,55,9,514.2693,2,32.16,7.56E5,1026.5233,0.7,,17 20 37 74 71 44 57 88 90,PQLLVVEDD,HCD
2,9652,AK-172.raw,VYM(+15.99)GNNAPDLLLGDSR,16,55,16,875.9260,2,31.17,3.04E5,1749.8354,1.2,Oxidation (M),33 38 61 34 29 74 29 28 82 75 62 28 21 94 98 100,VYM(+15.99)GNNAPDLLLGDSR,HCD
2,3092,AK-172.raw,QTTDLK,6,55,6,353.1894,2,14.96,2.65E5,704.3705,-9.0,,28 28 31 51 96 99,QTTDLK,HCD
2,8606,AK-172.raw,LLLAKMHK,8,55,8,477.3050,2,28.71,2.58E5,952.5892,6.6,,57 98 99 61 32 19 18 59,LLLAKMHK,HCD
2,5442,AK-172.raw,RREEVN(+.98)PHHR,10,55,10,665.8339,2,21.35,1.7E5,1329.6650,-8.8,Deamidation (NQ),68 33 98 97 96 89 22 8 9 35,RREEVN(+.98)PHHR,HCD
2,8151,AK-172.raw,LSLLTGLAPSSK,12,55,12,593.8557,2,27.69,2.66E5,1185.6968,0.1,,59 78 100 99 44 24 41 90 27 25 26 50,LSLLTGLAPSSK,HCD
2,10165,AK-172.raw,VSNDYEANGN(+.98)TSTR,14,55,14,510.2253,3,32.27,5.44E6,1527.6438,6.7,Deamidation (NQ),32 30 33 40 29 43 28 28 30 86 96 99 100 100,VSNDYEANGN(+.98)TSTR,HCD
2,12142,AK-172.raw,ESTLLAD,7,55,7,374.6884,2,37.19,4.87E4,747.3651,-3.7,,56 28 35 50 62 67 85,ESTLLAD,HCD
2,7178,AK-172.raw,GYALYDVPR,9,55,9,527.2748,2,25.51,1.67E5,1052.5291,5.8,,38 50 95 95 95 45 23 15 38,GYALYDVPR,HCD
2,6741,AK-172.raw,KDRC(+57.02)EMTMK,9,55,9,400.1832,3,24.52,7.83E5,1197.5305,-2.4,Carbamidomethylation,44 39 29 28 37 23 96 99 100,KDRC(+57.02)EMTMK,HCD
2,10703,AK-172.raw,LLLLFGKD,8,55,8,459.7861,2,33.58,6.1E4,917.5585,-1.0,,29 55 99 99 51 25 24 57,LLLLFGKD,HCD
2,2918,AK-172.raw,KLGHMMTMGK,10,55,10,567.2847,2,14.46,5.64E4,1132.5554,-0.6,,100 95 54 26 35 51 52 26 39 72,KLGHMMTMGK,HCD
2,5188,AK-172.raw,RYKLPPR,7,55,7,465.2873,2,20.69,4.45E4,928.5606,-0.6,,90 32 37 39 39 65 82,RYKLPPR,HCD
2,5862,AK-172.raw,AYAFLDKGVR,10,55,10,380.5446,3,22.44,6.23E5,1138.6135,-1.3,,32 31 45 62 98 97 40 23 34 88,AYAFLDKGVR,HCD
2,9020,AK-172.raw,FVLPEDALSGSPK,13,55,13,680.3569,2,29.65,1.69E5,1358.7080,-6.5,,65 56 52 41 96 91 26 27 30 24 49 68 88,FVLPEDALSGSPK,HCD
2,6365,AK-172.raw,WLQAAWWPR,9,55,9,607.3202,2,23.64,1.76E5,1212.6191,5.5,,86 67 55 29 21 22 40 80 92,WLQAAWWPR,HCD
2,8465,AK-172.raw,VNAVTTPC(+57.02)HD,10,55,10,557.2538,2,28.38,1.6E5,1112.4919,1.1,Carbamidomethylation,43 61 99 99 76 56 26 22 11 54,VNAVTTPC(+57.02)HD,HCD
2,6908,AK-172.raw,TYFTLTR,7,55,7,451.2420,2,24.93,5.95E4,900.4705,-1.2,,62 55 48 37 40 49 93,TYFTLTR,HCD
2,6689,AK-172.raw,DTYTLGNNKK,10,55,10,577.2957,2,24.40,6.9E4,1152.5774,-0.4,,35 31 68 99 96 35 27 30 51 73,DTYTLGNNKK,HCD
2,5904,AK-172.raw,VDDM(+15.99)M(+15.99)M(+15.99)HKR,9,54,9,404.1722,3,22.55,4.33E5,1209.4941,0.6,Oxidation (M),32 30 33 38 88 91 38 46 96,VDDM(+15.99)M(+15.99)M(+15.99)HKR,HCD
2,3381,AK-172.raw,LLEAWC(+57.02)VD,8,54,8,503.2369,2,15.81,1.74E5,1004.4637,-4.4,Carbamidomethylation,89 86 96 33 23 24 25 59,LLEAWC(+57.02)VD,HCD
2,5124,AK-172.raw,ENFVLTK,7,54,7,425.7365,2,20.52,3.5E4,849.4596,-1.3,,33 23 41 86 67 49 81,ENFVLTK,HCD
2,7611,AK-172.raw,C(+57.02)PDSVDAR,8,54,8,460.1988,2,26.51,9.38E4,918.3865,-3.7,Carbamidomethylation,19 15 31 31 56 82 99 100,C(+57.02)PDSVDAR,HCD
2,10899,AK-172.raw,EWLLQESSTVER,12,54,12,738.8698,2,34.02,2.39E5,1475.7256,-0.3,,35 48 95 90 85 94 50 35 28 21 30 39,EWLLQESSTVER,HCD
2,5804,AK-172.raw,FLN(+.98)PKTK,7,54,7,424.7473,2,22.30,8.23E4,847.4803,-0.4,Deamidation (NQ),45 52 89 33 35 48 74,FLN(+.98)PKTK,HCD
2,4164,AK-172.raw,DVN(+.98)AGMYTK,9,54,9,500.2257,2,18.00,1.27E6,998.4379,-1.1,Deamidation (NQ),62 55 94 43 24 17 39 68 85,DVN(+.98)AGMYTK,HCD
2,9433,AK-172.raw,ASTFLAAM(+15.99)PTR,11,54,11,591.3007,2,30.69,1.35E5,1180.5911,-3.6,Oxidation (M),31 32 48 59 91 63 32 25 24 91 96,ASTFLAAM(+15.99)PTR,HCD
2,7773,AK-172.raw,VLPAWAHATGQTR,13,54,13,469.9238,3,26.86,3.71E5,1406.7419,5.4,,100 99 84 50 29 26 18 48 52 38 27 35 96,VLPAWAHATGQTR,HCD
2,10676,AK-172.raw,RFVPPR,6,54,6,386.2380,2,33.51,,770.4551,8.4,,26 33 48 65 71 82,RFVPPR,HCD
2,8408,AK-172.raw,ALLEVDPEYR,10,54,10,602.8143,2,28.25,8.57E4,1203.6135,0.4,,44 56 67 46 33 93 28 41 56 74,ALLEVDPEYR,HCD
2,7002,AK-172.raw,ALTYAM(+15.99)SNTD,10,54,10,551.7393,2,25.15,6.07E4,1101.4648,-0.7,Oxidation (M),85 90 98 95 37 22 22 20 20 51,ALTYAM(+15.99)SNTD,HCD
2,6496,AK-172.raw,GNLVFKKHD,9,54,9,529.2932,2,23.94,3.79E4,1056.5715,0.2,,22 26 55 99 99 75 35 14 60,GNLVFKKHD,HCD
2,7211,AK-172.raw,GTN(+.98)DNTFVVLK,11,54,11,604.8118,2,25.59,2.59E5,1207.6084,0.5,Deamidation (NQ),26 28 29 37 28 38 51 68 98 99 90,GTN(+.98)DNTFVVLK,HCD
2,4976,AK-172.raw,TAEM(+15.99)NLSK,8,54,8,455.2220,2,20.13,9.06E4,908.4273,2.4,Oxidation (M),35 32 41 21 30 89 85 96,TAEM(+15.99)NLSK,HCD
2,4426,AK-172.raw,VPPKFGGSKHR,11,54,11,403.9033,3,18.69,2.03E6,1208.6777,8.5,,39 39 59 62 44 30 56 97 59 33 74,VPPKFGGSKHR,HCD
2,10087,AK-172.raw,QSAKPPYALDK,11,54,11,609.3289,2,32.11,1.51E5,1216.6450,-1.4,,21 24 35 34 41 61 43 40 94 98 98,QSAKPPYALDK,HCD
2,17405,AK-172.raw,AVDSVFDLTFKHK,13,54,13,753.9057,2,51.92,3.62E5,1505.7878,6.0,,24 32 78 83 89 97 86 46 33 25 24 18 63,AVDSVFDLTFKHK,HCD
2,7990,AK-172.raw,TGQQNPLPR,9,54,9,505.7749,2,27.35,7.54E4,1009.5305,4.8,,44 32 30 27 76 32 61 87 94,TGQQNPLPR,HCD
2,8386,AK-172.raw,AN(+.98)EAGEFTGGR,11,53,11,555.2483,2,28.20,1.58E7,1108.4785,3.2,Deamidation (NQ),30 49 99 98 40 54 90 38 21 21 48,AN(+.98)EAGEFTGGR,HCD
2,8721,AK-172.raw,LQALSKSTQK,10,53,10,552.3266,2,28.99,3.75E5,1102.6345,3.7,,37 45 97 99 98 51 27 21 21 41,LQALSKSTQK,HCD
2,11030,AK-172.raw,GKLLPVLM(+15.99)TPK,11,53,11,606.8776,2,34.34,2.72E4,1211.7312,7.8,Oxidation (M),26 35 69 90 90 90 96 30 16 13 35,GKLLPVLM(+15.99)TPK,HCD
2,8899,AK-172.raw,VFLEAFDTR,9,53,9,549.2855,2,29.39,5.54E4,1096.5552,1.1,,83 82 82 56 31 23 28 26 70,VFLEAFDTR,HCD
2,6678,AK-172.raw,LATYASHYK,9,53,9,527.2734,2,24.37,1.02E6,1052.5291,3.1,,99 98 82 57 34 26 14 23 49,LATYASHYK,HCD
2,9602,AK-172.raw,SSASLLLDFNLPTD,14,53,14,746.8768,2,31.06,3.23E3,1491.7456,-4.4,,44 39 38 61 96 93 29 29 21 24 86 40 57 92,SSASLLLDFNLPTD,HCD
2,6222,AK-172.raw,QVFGVAK,7,53,7,374.7209,2,23.29,1.59E5,747.4279,-0.9,,35 57 98 49 30 25 79,QVFGVAK,HCD
2,7366,AK-172.raw,VAALTVQTPPK,11,53,11,562.8334,2,25.94,8.42E4,1123.6602,-7.1,,29 38 65 60 43 26 24 54 52 99 99,VAALTVQTPPK,HCD
2,12106,AK-172.raw,DTAVNLLTD,9,53,9,481.2418,2,37.09,9.67E4,960.4764,-7.7,,32 22 37 95 92 93 34 20 54,DTAVNLLTD,HCD
2,8161,AK-172.raw,QSENGNDSAALSPNK,15,53,15,766.3459,2,27.71,3E5,1530.6909,-8.9,,21 19 33 25 22 23 31 29 63 79 97 97 93 71 94,QSENGNDSAALSPNK,HCD
2,6469,AK-172.raw,YYYGSAAFR,9,53,9,549.2555,2,23.88,6.55E4,1096.4978,-1.2,,92 85 73 55 37 30 29 28 50,YYYGSAAFR,HCD
2,6026,AK-172.raw,SVEN(+.98)MVSANR,10,53,10,554.2569,2,22.85,7.12E5,1106.5027,-3.1,Deamidation (NQ),63 67 99 86 21 24 28 29 38 77,SVEN(+.98)MVSANR,HCD
2,4097,AK-172.raw,LVLEEQWK,8,53,8,522.7875,2,17.82,,1043.5652,-4.6,,38 71 96 76 45 26 23 49,LVLEEQWK,HCD
2,8697,AK-172.raw,LAAFGVQVK,9,53,9,466.7817,2,28.93,1.06E5,931.5491,-0.2,,96 88 48 30 23 30 31 44 88,LAAFGVQVK,HCD
2,10011,AK-172.raw,ESAGSVMAVSTER,13,53,13,662.3107,2,31.93,7.72E5,1322.6135,-5.1,,37 25 35 46 67 75 81 85 94 25 16 27 76,ESAGSVMAVSTER,HCD
2,6902,AK-172.raw,GPLTTHKEKK,10,53,10,569.8325,2,24.92,7.13E4,1137.6506,-0.2,,44 51 88 99 98 21 22 29 23 54,GPLTTHKEKK,HCD
2,8200,AK-172.raw,TGSM(+15.99)AWPVD,9,53,9,490.2157,2,27.79,3.06E5,978.4117,5.3,Oxidation (M),68 59 63 33 24 31 43 61 92,TGSM(+15.99)AWPVD,HCD
2,6084,AK-172.raw,LQLDAALNR,9,53,9,507.2886,2,22.97,2.47E5,1012.5665,-3.9,,50 48 98 98 49 31 31 25 45,LQLDAALNR,HCD
2,3316,AK-172.raw,STMQAAATER,10,53,10,533.2532,2,15.62,1.47E6,1064.4919,0.0,,73 81 98 95 38 27 23 21 32 41,STMQAAATER,HCD
2,7723,AK-172.raw,LSFQPANM(+15.99)DD,10,53,10,577.2422,2,26.76,8.68E4,1152.4758,-5.2,Oxidation (M),97 91 52 45 57 61 30 19 26 46,LSFQPANM(+15.99)DD,HCD
2,7806,AK-172.raw,AKDLEQALESVR,12,53,12,679.8672,2,26.93,1.5E5,1357.7200,0.0,,22 26 60 67 92 27 32 89 38 30 69 82,AKDLEQALESVR,HCD
2,7268,AK-172.raw,SVVSVVR,7,53,7,373.2327,2,25.73,1.67E5,744.4494,2.0,,23 24 31 44 77 84 85,SVVSVVR,HCD
2,6729,AK-172.raw,LTPKLANTK,9,53,9,493.3051,2,24.50,1.27E5,984.5967,-1.1,,99 97 61 45 35 30 30 27 50,LTPKLANTK,HCD
2,5267,AK-172.raw,VSHWLKR,7,53,7,463.2732,2,20.89,3.21E5,924.5294,2.7,,40 30 18 32 60 90 100,VSHWLKR,HCD
2,11490,AK-172.raw,EVGHDTSASK,10,53,10,515.7427,2,35.49,7.4E5,1029.4727,-1.7,,73 54 43 21 55 52 60 48 39 81,EVGHDTSASK,HCD
2,6120,AK-172.raw,RGQN(+.98)ALADAEQR,12,52,12,665.3234,2,23.05,9.81E5,1328.6433,-8.4,Deamidation (NQ),22 21 80 93 93 95 35 35 21 32 32 70,RGQN(+.98)ALADAEQR,HCD
2,9836,AK-172.raw,AVELLFTQR,9,52,9,538.8090,2,31.55,4.6E4,1075.6025,0.8,,28 38 92 100 99 37 22 20 39,AVELLFTQR,HCD
2,12416,AK-172.raw,VTLLLQGK,8,52,8,436.2840,2,37.91,5.17E5,870.5538,-0.4,,24 28 65 82 74 33 31 82,VTLLLQGK,HCD
2,3476,AK-172.raw,HEN(+.98)FNVM(+15.99)R,8,52,8,532.2346,2,16.08,5.38E4,1062.4553,-0.7,Deamidation (NQ); Oxidation (M),97 98 51 31 32 31 29 51,HEN(+.98)FNVM(+15.99)R,HCD
2,9873,AK-172.raw,SYKGTM(+15.99)M(+15.99)M(+15.99)QLK,11,52,11,455.8822,3,31.63,4.37E4,1364.6138,8.1,Oxidation (M),54 45 39 31 50 63 30 21 49 94 100,SYKGTM(+15.99)M(+15.99)M(+15.99)QLK,HCD
2,4787,AK-172.raw,DDQGLGK,7,52,7,366.6783,2,19.67,6.86E4,731.3450,-4.0,,54 48 34 26 43 88 74,DDQGLGK,HCD
2,5373,AK-172.raw,ALEC(+57.02)DWQNAK,10,52,10,617.7817,2,21.16,2.36E5,1233.5447,3.3,Carbamidomethylation,63 69 96 35 32 23 22 31 68 84,ALEC(+57.02)DWQNAK,HCD
2,11328,AK-172.raw,ALVLN(+.98)SKRFPD,11,52,11,630.8517,2,35.08,6.89E4,1259.6873,1.3,Deamidation (NQ),74 78 97 90 95 32 21 16 15 12 45,ALVLN(+.98)SKRFPD,HCD
2,9207,AK-172.raw,LTPEKAKAPK,10,52,10,541.8322,2,30.11,2.79E5,1081.6494,0.3,,74 78 97 92 40 32 26 21 18 44,LTPEKAKAPK,HCD
2,10920,AK-172.raw,WGELLAGLNN(+.98)TSTR,14,52,14,766.8876,2,34.08,2.42E5,1531.7629,-1.5,Deamidation (NQ),38 39 99 100 99 61 29 24 28 90 37 22 24 43,WGELLAGLNN(+.98)TSTR,HCD
2,10147,AK-172.raw,EAM(+15.99)LLQARN(+.98)MWK,12,52,12,754.3732,2,32.23,1.66E6,1506.7322,-0.3,Oxidation (M); Deamidation (NQ),34 26 65 99 96 79 25 30 86 15 20 51,EAM(+15.99)LLQARN(+.98)MWK,HCD
2,2880,AK-172.raw,FSSSSGPHNC(+57.02)R,11,52,11,618.2676,2,14.34,3.7E5,1234.5149,4.7,Carbamidomethylation,39 51 99 99 96 44 25 16 25 27 51,FSSSSGPHNC(+57.02)R,HCD
2,7397,AK-172.raw,ALDAAEKSR,9,52,9,480.7613,2,26.01,4.91E4,959.5035,4.6,,41 51 95 46 31 40 29 38 95,ALDAAEKSR,HCD
2,4764,AK-172.raw,SYTAFD,6,52,6,352.1499,2,19.61,3.82E4,702.2861,-1.3,,18 26 38 60 75 95,SYTAFD,HCD
2,4662,AK-172.raw,PTLTTAVTK,9,52,9,466.2762,2,19.34,4.89E4,930.5386,-0.7,,44 60 98 98 45 27 26 23 45,PTLTTAVTK,HCD
2,9099,AK-172.raw,LLELTRMMAK,10,52,10,603.3433,2,29.84,3.66E6,1204.6672,4.0,,100 100 99 50 30 26 17 15 29 52,LLELTRMMAK,HCD
2,8042,AK-172.raw,NVVKVC(+57.02)GKD,9,52,9,509.7701,2,27.46,8.68E5,1017.5277,-2.1,Carbamidomethylation,39 63 98 65 41 40 30 29 60,NVVKVC(+57.02)GKD,HCD
2,6031,AK-172.raw,VPPKGSVSHKR,11,52,11,397.8999,3,22.86,1.95E6,1190.6882,-8.7,,28 34 60 68 39 33 50 96 45 49 66,VPPKGSVSHKR,HCD
2,6164,AK-172.raw,AVELATSSPR,10,52,10,515.7794,2,23.16,4.52E4,1029.5454,-1.1,,30 40 98 96 41 29 30 38 45 69,AVELATSSPR,HCD
2,10765,AK-172.raw,DQPLESSNPHDAK,13,52,13,719.3359,2,33.72,5.53E5,1436.6531,3.0,,34 35 97 99 100 96 46 27 21 12 33 24 49,DQPLESSNPHDAK,HCD
2,7091,AK-172.raw,N(+.98)AGTPSNGSGQR,12,52,12,573.7622,2,25.33,5.74E5,1145.5061,3.3,Deamidation (NQ),37 33 30 33 34 76 37 28 35 84 95 100,N(+.98)AGTPSNGSGQR,HCD
2,7757,AK-172.raw,VGGALEWPPK,10,52,10,527.2927,2,26.83,1.69E5,1052.5654,5.1,,95 38 52 68 55 56 32 21 27 70,VGGALEWPPK,HCD
2,14039,AK-172.raw,NVGVFLLM(+15.99)VVLNK,13,52,13,731.4274,2,42.39,2.48E5,1460.8425,-1.5,Oxidation (M),26 37 75 80 90 50 46 41 44 40 37 34 71,NVGVFLLM(+15.99)VVLNK,HCD
2,10133,AK-172.raw,TTSTTTLAWQPD,12,52,12,661.3212,2,32.21,1.12E6,1320.6199,6.1,,48 43 41 40 39 24 28 51 98 94 55 59,TTSTTTLAWQPD,HCD
2,8382,AK-172.raw,GNFRASLGK,9,52,9,475.2643,2,28.19,1.66E5,948.5141,-0.1,,44 55 97 84 35 21 26 29 75,GNFRASLGK,HCD
2,3287,AK-172.raw,GVVDQGK,7,52,7,351.6929,2,15.53,3.66E4,701.3708,0.7,,51 66 96 51 27 23 48,GVVDQGK,HCD
2,9814,AK-172.raw,FFADSSC(+57.02)K,8,52,8,481.2038,2,31.50,7.29E4,960.4011,-8.3,Carbamidomethylation,25 23 23 49 86 89 70 48,FFADSSC(+57.02)K,HCD
2,15103,AK-172.raw,PRKGYTR,7,52,7,439.2530,2,45.35,7.34E5,876.4930,-1.7,,21 23 38 44 66 78 92,PRKGYTR,HCD
2,5329,AK-172.raw,VVLMRPR,7,52,7,435.7736,2,21.06,3.75E7,869.5269,6.6,,79 60 45 17 27 40 93,VVLMRPR,HCD
2,7464,AK-172.raw,LN(+.98)LSLDLK,8,51,8,458.7704,2,26.17,5.44E4,915.5276,-1.6,Deamidation (NQ),32 34 88 30 26 46 72 85,LN(+.98)LSLDLK,HCD
2,11225,AK-172.raw,AAPLPC(+57.02)GQTR,10,51,10,535.7776,2,34.80,1.64E6,1069.5339,6.3,Carbamidomethylation,35 44 52 76 91 34 21 33 54 74,AAPLPC(+57.02)GQTR,HCD
2,8979,AK-172.raw,LN(+.98)LSDDSGTFR,11,51,11,613.2881,2,29.56,4.93E4,1224.5623,-0.4,Deamidation (NQ),40 46 96 50 50 44 25 21 34 74 86,LN(+.98)LSDDSGTFR,HCD
2,6906,AK-172.raw,LTAELAPGVM(+15.99)K,11,51,11,573.3145,2,24.92,1.49E7,1144.6162,-1.6,Oxidation (M),45 40 49 70 95 97 49 27 22 23 50,LTAELAPGVM(+15.99)K,HCD
2,6714,AK-172.raw,YYLSFDR,7,51,7,482.2325,2,24.46,2.04E5,962.4498,0.7,,33 33 45 40 43 68 97,YYLSFDR,HCD
2,9254,AK-172.raw,ESQWMAVLGM(+15.99)R,11,51,11,662.3118,2,30.24,2.04E6,1322.6111,-1.6,Oxidation (M),50 35 46 86 39 57 91 32 15 24 89,ESQWMAVLGM(+15.99)R,HCD
2,7662,AK-172.raw,DGAGDVAFLR,10,51,10,510.7585,2,26.63,1.22E5,1019.5035,-1.0,,33 21 39 33 54 90 77 49 48 70,DGAGDVAFLR,HCD
2,7952,AK-172.raw,NNQFAFSLDK,10,51,10,592.2907,2,27.26,1.41E5,1182.5669,0.0,,26 25 41 92 37 26 37 92 68 71,NNQFAFSLDK,HCD
2,7941,AK-172.raw,LVELQGLADRSGK,13,51,13,693.3910,2,27.23,2.97E7,1384.7673,0.1,,39 44 87 96 83 25 40 90 39 15 21 29 56,LVELQGLADRSGK,HCD
2,9391,AK-172.raw,TLSGTLN(+.98)VVVVD,12,51,12,609.3403,2,30.58,1.18E5,1216.6550,9.0,Deamidation (NQ),46 59 95 39 44 95 94 38 22 18 17 48,TLSGTLN(+.98)VVVVD,HCD
2,10349,AK-172.raw,NGTLDQTFPLVR,12,51,12,680.8589,2,32.69,6.69E5,1359.7146,-8.4,,32 33 65 97 97 32 25 33 31 57 63 48,NGTLDQTFPLVR,HCD
2,9113,AK-172.raw,GM(+15.99)KGSGPLVEN(+.98)VVR,14,51,14,730.3828,2,29.88,3.69E4,1458.7500,0.7,Oxidation (M); Deamidation (NQ),18 21 32 45 66 93 41 44 78 31 18 32 96 99,GM(+15.99)KGSGPLVEN(+.98)VVR,HCD
2,11536,AK-172.raw,LN(+.98)LDLVN(+.98)PGR,10,51,10,556.8000,2,35.59,,1111.5874,-1.8,Deamidation (NQ),37 41 95 97 33 20 21 26 61 81,LN(+.98)LDLVN(+.98)PGR,HCD
2,10072,AK-172.raw,HANEEDAAPR,10,51,10,555.2494,2,32.07,6.17E4,1108.4897,-5.0,,21 33 34 49 45 46 46 61 86 86,HANEEDAAPR,HCD
2,6627,AK-172.raw,KNGYVK,6,51,6,354.7073,2,24.25,1.31E5,707.3966,4.9,,34 25 26 44 91 86,KNGYVK,HCD
2,13365,AK-172.raw,EEEADFFVVLAAHESD,16,51,16,904.3961,2,40.52,3.67E5,1806.7947,-9.5,,82 44 51 33 31 19 26 57 89 96 100 99 15 21 12 39,EEEADFFVVLAAHESD,HCD
2,7533,AK-172.raw,C(+57.02)SM(+15.99)M(+15.99)SM(+15.99)R,7,51,7,475.6660,2,26.34,1.26E6,949.3126,5.2,Carbamidomethylation; Oxidation (M),21 21 25 31 65 92 100,C(+57.02)SM(+15.99)M(+15.99)SM(+15.99)R,HCD
2,8129,AK-172.raw,LTKSTKNLAFDDFR,14,51,14,552.6349,3,27.64,4.85E1,1654.8679,9.1,,43 35 34 30 27 24 21 26 30 46 98 99 99 100,LTKSTKNLAFDDFR,HCD
2,6861,AK-172.raw,YFAM(+15.99)DLTDR,9,51,9,574.2585,2,24.82,1.42E5,1146.5015,0.8,Oxidation (M),82 71 46 32 37 27 24 44 94,YFAM(+15.99)DLTDR,HCD
2,3457,AK-172.raw,DHLLVSEGD,9,51,9,492.7349,2,16.03,1.02E5,983.4560,-0.8,,28 10 37 74 57 30 48 85 89,DHLLVSEGD,HCD
2,6350,AK-172.raw,LAEPKVWR,8,51,8,499.7974,2,23.60,3.79E5,997.5709,9.5,,97 90 84 28 25 22 20 39,LAEPKVWR,HCD
2,6168,AK-172.raw,ASYC(+57.02)YVLLD,9,50,9,552.2594,2,23.17,6.02E4,1102.5005,3.4,Carbamidomethylation,22 23 31 28 34 92 73 68 84,ASYC(+57.02)YVLLD,HCD
2,9448,AK-172.raw,LVTLQ(+.98)MESKVD,11,50,11,632.3334,2,30.73,1.12E5,1262.6428,7.4,Deamidation (NQ),81 82 94 92 34 12 31 21 21 27 62,LVTLQ(+.98)MESKVD,HCD
2,9659,AK-172.raw,LLFLLHELLGTD,12,50,12,692.4033,2,31.18,7.32E4,1382.7810,8.0,,98 95 72 26 26 16 57 54 45 21 25 73,LLFLLHELLGTD,HCD
2,7586,AK-172.raw,LSYAVSEEAR,10,50,10,562.7776,2,26.45,8.31E4,1123.5510,-9.3,,51 54 87 51 38 25 31 38 55 73,LSYAVSEEAR,HCD
2,7256,AK-172.raw,MNQDVMDEYR,10,50,10,650.7686,2,25.70,1.57E7,1299.5225,0.2,,12 22 79 95 37 18 38 48 71 84,MNQDVMDEYR,HCD
2,10897,AK-172.raw,QDMRRGDMEQDLVDQ(+.98)YK,17,50,17,709.9872,3,34.02,2.67E5,2126.9360,1.8,Deamidation (NQ),28 40 16 21 21 19 32 15 44 41 97 98 95 50 41 97 100,QDMRRGDMEQDLVDQ(+.98)YK,HCD
2,5367,AK-172.raw,LYC(+57.02)DEGSK,8,50,8,486.2085,2,21.15,3.84E5,970.4066,-4.3,Carbamidomethylation,65 39 44 48 50 34 44 79,LYC(+57.02)DEGSK,HCD
2,8109,AK-172.raw,VNVYVGSLTAK,11,50,11,575.8254,2,27.60,1.16E5,1149.6394,-2.7,,52 57 90 67 39 29 35 46 37 30 66,VNVYVGSLTAK,HCD
2,7139,AK-172.raw,SVAADHNNTR,10,50,10,362.1785,3,25.43,4.22E5,1083.5056,7.5,,33 33 41 35 38 14 28 82 96 100,SVAADHNNTR,HCD
2,5617,AK-172.raw,LTEALAPSTMK,11,50,11,581.3131,2,21.82,1.98E6,1160.6111,0.5,,33 29 54 54 85 95 48 44 33 20 59,LTEALAPSTMK,HCD
2,8588,AK-172.raw,FADKVKSSD,9,50,9,498.7531,2,28.66,4.33E4,995.4923,-0.8,,84 21 32 23 25 45 67 68 86,FADKVKSSD,HCD
2,10646,AK-172.raw,DHNKDTPAAVFLR,13,50,13,495.2561,3,33.43,1.54E5,1482.7578,-7.6,,28 10 22 22 31 21 28 95 99 97 60 59 79,DHNKDTPAAVFLR,HCD
2,8822,AK-172.raw,VNLQKGSSR,9,50,9,494.7828,2,29.22,5.69E4,987.5461,4.9,,38 45 96 43 24 21 34 55 95,VNLQKGSSR,HCD
2,9090,AK-172.raw,LTTLLTMMSVNR,12,50,12,690.3762,2,29.82,8.18E4,1378.7312,4.8,,54 71 93 95 94 55 24 18 21 19 19 38,LTTLLTMMSVNR,HCD
2,4144,AK-172.raw,YYPLSK,6,50,6,385.7078,2,17.95,1.31E6,769.4010,0.0,,31 34 45 67 69 54,YYPLSK,HCD
2,2926,AK-172.raw,TLDNMR,6,50,6,375.1837,2,14.48,3.72E5,748.3538,-1.2,,38 38 43 39 60 83,TLDNMR,HCD
2,5376,AK-172.raw,VNVDKGQSR,9,50,9,501.7693,2,21.17,2.19E5,1001.5254,-1.3,,44 46 93 50 24 21 34 59 75,VNVDKGQSR,HCD
2,7258,AK-172.raw,RRTPNRLDGR,10,50,10,414.2342,3,25.71,8.68E4,1239.6909,-8.3,,19 20 25 20 22 30 92 98 83 91,RRTPNRLDGR,HCD
2,11118,AK-172.raw,WPNSSATYVLTLAC(+57.02)PK,16,50,16,603.3114,3,34.55,2.16E5,1806.8975,8.3,Carbamidomethylation,16 11 23 52 52 39 40 60 98 98 96 98 69 15 7 23,WPNSSATYVLTLAC(+57.02)PK,HCD
2,9243,AK-172.raw,GRLSDRQGK,9,50,9,508.7799,2,30.21,4.04E5,1015.5522,-6.9,,81 81 97 46 35 22 25 18 44,GRLSDRQGK,HCD
2,13206,AK-172.raw,SWQWWVAVMR,10,50,10,674.8279,2,40.08,7.19E4,1347.6545,-9.9,,26 26 74 76 82 92 38 22 14 48,SWQWWVAVMR,HCD
2,3998,AK-172.raw,VVLTEHKAMFK,11,50,11,651.8685,2,17.54,9.55E4,1301.7166,4.5,,98 97 99 79 44 10 21 23 11 21 45,VVLTEHKAMFK,HCD
2,5842,AK-172.raw,STN(+.98)VGFPVK,9,50,9,475.2530,2,22.39,6.98E4,948.4916,-0.3,Deamidation (NQ),44 48 89 38 25 27 28 63 85,STN(+.98)VGFPVK,HCD
2,6401,AK-172.raw,VYGHGGSK,8,50,8,402.7052,2,23.72,3.15E5,803.3926,4.1,,82 76 65 31 35 32 29 45,VYGHGGSK,HCD
